"Name","Profession","Company","Food and beverage category","Brands","Ethnicity","Age","Links","Notes"
"Abdulmajid, Iman","Model","Milk PEP","Dairy","Got Milk","BFE","60.0","http://thumbs4.ebaystatic.com/d/l225/m/mw8PkeG4poDlwFjHsA69DaQ.jpg","NA"
"Adams, William ""will.i.am""","Musician","TCCC","SSB","Coca-Cola","BME","41.0","http://www.huffingtonpost.com/entry/celebrities-endorse-unhealthy-foods_us_57559f8ce4b0ed593f14f7b6","NA"
"Adams, William ""will.i.am""","Musician","PepsiCo","Salty","Doritos","BME","41.0","http://www.huffingtonpost.com/entry/celebrities-endorse-unhealthy-foods_us_57559f8ce4b0ed593f14f7b6","NA"
"Adams, William ""will.i.am""","Musician","Dr Pepper Snapple Group","SSB","Dr Pepper","BME","41.0","http://www.huffingtonpost.com/entry/celebrities-endorse-unhealthy-foods_us_57559f8ce4b0ed593f14f7b6","NA"
"Adams, William ""will.i.am""","Musician","PepsiCo","SSB","Pepsi","BME","41.0","http://www.huffingtonpost.com/entry/celebrities-endorse-unhealthy-foods_us_57559f8ce4b0ed593f14f7b6","NA"
"Agdal, Nina","Model","CKE Restaurants","QSR","Carl's Jr","WFE","23.0","http://www.allure.com/beauty-trends/blogs/daily-beauty-reporter/2013/02/allure-exclusive-model-nina-agdal-superbowl-hardees-carls-jr-commercial.html","NA"
"Aguilera, Christina","Musician","PepsiCo","SSB","Pepsi","WFE","34.0","https://www.youtube.com/watch?v=Rhnclq6pz34","NA"
"Aguilera, Christina","Musician","TCCC","SSB","Coca-Cola","WFE","34.0","https://www.youtube.com/watch?v=wRWr09HhGq4","NA"
"Akintimehin, Olubowale Victor ""Wale""","Musician","TCCC","SSB","Sprite","BME","31.0","https://www.youtube.com/watch?v=W3B_hoMf3Fw","NA"
"Alba, Jessica","Actress","Milk PEP","Dairy","Got Milk","MFE","34.0","http://www.bambootrading.com/1700-1/1700-29.JPG","NA"
"Alba, Jessica","Actress","TCCC","LCB","ZICO","MFE","34.0","http://mms.businesswire.com/media/20140521006126/en/416976/5/Jessica_Alba_Final_Creative_For_PRess_RElease_distribution.jpg","NA"
"Alba, Jessica","Actress","PHA","Fruit and Vegetables","FNV","MFE","34.0","http://brandchannel.com/wp-content/uploads/2015/02/fnv_alba_beets_560.jpg","NA"
"Aldean, Jason ","Musician","PepsiCo","SSB","Mountain Dew","WME","39.0","http://www.jasonaldean.com/news/860/check-out-jasons-new-mountain-dew-commercial","NA"
"Amaro, Melanie ","Musician","PepsiCo","SSB","Pepsi","WFE","24.0","https://www.youtube.com/watch?v=uKmvcNY1U_g","NA"
"Angello, Steve ""Swedish House Mafia""","Musician","Kraft Foods Group Inc","NCB","MiO Energy ","WME","32.0","http://www.vibe.com/article/steve-angello-gets-energy-boost-mio-partnership","NA"
"Aniston, Jennifer","Actress","Milk PEP","Dairy","Got Milk","WFE","46.0","http://ak-hdl.buzzfed.com/static/enhanced/terminal05/2012/10/2/2/enhanced-buzz-31280-1349159531-20.jpg","NA"
"Aniston, Jennifer","Actress","TCCC","Water","Smartwater","WFE","46.0","http://i.huffpost.com/gen/608363/thumbs/o-JENNIFER-ANISTON-SMARTWATER-570.jpg?5","NA"
"Applegate, Christina","Actress","TCCC","NCB","Fruitwater","WFE","44.0","https://www.google.com/url?sa=i&rct=j&q=&esrc=s&source=images&cd=&ved=0ahUKEwidsMDvhqHLAhWEHR4KHYUSA8AQjRwIBw&url=http%3A%2F%2Fwww.eonline.com%2Fnews%2F442428%2Fchristina-applegate-stars-in-fruitwater-campaign-shares-advice-for-working-mothers&psig=AFQjCNFW2LAnpcuAFskJm6Mr23Zf3PdVlQ&ust=1456975509486857","NA"
"Aykroyd, Dan ","Actor","Globefill Inc","Alcohol","Crystal Head Vodka","WME","63.0","http://fortune.com/2015/01/08/celebrities-alcohol-brands/","NA"
"Bacon, Kevin","Actor","American Egg Board","Others","Incredible Egg","WME","56.0","https://images.search.yahoo.com/images/view;_ylt=AwrB8pm6MoxVH3IAY7cunIlQ;_ylu=X3oDMTIyOGxvb25sBHNlYwNzcgRzbGsDaW1nBG9pZAM3YzE1MzJkMWFmM2ZlOGNlYTc3OTRmNDBlMWE0ODE0ZARncG9zAzIEaXQDYmluZw--?.origin=&back=https%3A%2F%2Fimages.search.yahoo.com%2Fyhs%2Fsearch%3Fp%3Dkevin%2Bbacon%2Beggs%26fr%3Dyhs-mozilla-002%26fr2%3Dpiv-web%26hsimp%3Dyhs-002%26hspart%3Dmozilla%26tab%3Dorganic%26ri%3D2&w=914&h=686&imgurl=www.ecanadanow.com%2Fwp-content%2Fuploads%2F2015%2F03%2FKevin-Bacon-Eggs.jpg&rurl=http%3A%2F%2Fecanadanow.com%2Fkevin-bacon-eggs-pun-intended-kevin-bacon-stars-in-campaign-for-egg-industry%2F93065&size=101.1KB&name=%3Cb%3EKevin+Bacon+Eggs%3C%2Fb%3E&p=kevin+bacon+eggs&oid=7c1532d1af3fe8cea7794f40e1a4814d&fr2=piv-web&fr=yhs-mozilla-002&tt=%3Cb%3EKevin+Bacon+Eggs%3C%2Fb%3E&b=0&ni=21&no=2&ts=&tab=organic&sigr=138c32tts&sigb=14a422o4s&sigi=1225jsisn&sigt=10n3gmqke&sign=10n3gmqke&.crumb=0M2.3jhAHLm&fr=yhs-mozilla-002&fr2=piv-web&hsimp=yhs-002&hspart=mozilla","NA"
"Baldwin, Alec ","Actor","TCCC","Water","Smartwater","WME","57.0","http://amsterdam-ftv-blog.com/archives/21871","NA"
"Bangalter, Thomas ""Daft Punk""","Musician","TCCC","SSB","Coca-Cola","WME","41.0","https://www.youtube.com/watch?v=rnEzAX-MsNU","NA"
"Banks, Tyra","Model","Milk PEP","Dairy","Got Milk","BFE","41.0","https://laurenlattanzio.files.wordpress.com/2012/08/tyra1.jpg","NA"
"Barnett, Zac ""American Authors""","Musician","Unilever","SSB","Lipton Iced Tea","WME","29.0","https://www.ispot.tv/ad/7aT2/lipton-sparkling-iced-tea-tiny-bubbles-song-by-american-authors","NA"
"Barton, Mischa","Actress","Milk PEP","dairy","Got Milk","WFE","29.0","http://assets.nydailynews.com/polopoly_fs/1.1701081.1393348591!/img/httpImage/image.jpg_gen/derivatives/gallery_1200/mischa-barton-2006.jpg","NA"
"Batyske, Mick ""MICK""","Musician","PHA","Fruit and Vegetables","FNV","WME","38.0","http://iammick.com/posts/mick-michelle-obama","NA"
"Beer, Madison","Musician","PHA","Fruit and Vegetables","FNV","WFE","16.0","http://www.fnv.com/dist/images/team/module-beer.png  ","NA"
"Bell, Kristen","Actress","PHA","Fruit and Vegetables","FNV","WFE","34.0","http://www.fnv.com/dist/images/team/team-bell.jpg","NA"
"Bennett, Tony","Musician","Milk PEP","Dairy","Got Milk","WME","89.0","http://file.vintageadbrowser.com/7yzkip30dg05i4.jpg","NA"
"Beth, Alecia ""Pink""","Musician","PepsiCo","SSB","Pepsi","WFE","35.0","https://www.pinterest.com/pin/454582156113656167/","NA"
"Black, Clint","Musician","Milk PEP","Dairy","Got Milk","WME","53.0","http://www.bambootrading.com/1700-1/1700-19.JPG","NA"
"Bleeth, Yasmine","Actress ","Milk PEP","Dairy","Got Milk","WFE","47.0","https://s-media-cache-ak0.pinimg.com/236x/0a/31/c8/0a31c8a1ea5e6129b9312b425ee2f7de.jpg","NA"
"Bleu, Corbin","Actor","Milk PEP","Dairy","Got Milk","BME","26.0","http://cdn02.cdn.justjared.com/wp-content/uploads/headlines/2007/05/high-school-musical-2-got-milk.jpg?1","NA"
"Blige, Mary J.","Musician","PepsiCo","SSB","Pepsi","BFE","44.0","https://www.youtube.com/watch?v=eqbl1DgEoLs","NA"
"Boesch, Rudy","TV Personality","Milk PEP","Dairy","Got Milk","WME","88.0","http://www.cbsnews.com/news/see-it-buy-it/","NA"
"Boreanaz, David","Actor","Milk PEP","Dairy","Got Milk","WME","46.0","https://s-media-cache-ak0.pinimg.com/236x/04/b7/ea/04b7ea392ab51e0ad10db2b92d6fbd43.jpg","NA"
"Boss, Stephen ""Twitch""","Musician","PepsiCo","SSB","Gatorade","BME","23.0","http://www.wetpaint.com/sytycd-stars-twitch-boss-and-lauren-froderman-picked-to-represent-gatorade-634960/","NA"
"Bowen, Julie","Actress","Milk PEP","Dairy","Got Milk","WFE","45.0","http://bryanbantry.com/cms/wp-content/uploads/image-import/-VShrbt2FuRk/TclmHiQEmjI/AAAAAAAAAoA/1gWL8Fd_bYI/s400/Timothy%2BWhite_Got%2BMilk%2BAds_Page_2.jpg","NA"
"Brady, Wayne","Actor","PHA","Fruit and Vegetables","FNV","BME","43.0","http://www.childsobesity.com/celebrities-push-team-fnv/","NA"
"Braff, Zach","Actor","Milk PEP","Dairy","Got Milk","WME","40.0","https://www.google.com/search?q=donald+faison+got+milk&client=safari&rls=en&tbm=isch&tbo=u&source=univ&sa=X&ved=0CB0QsARqFQoTCNSJj--P3sgCFQIYPgodgYcLIA&biw=1277&bih=633#imgrc=q2D3TM0jY9Pz3M%3A","NA"
"Brian, Christopher ""Ludacris""","Musician","PepsiCo","SSB","Pepsi","BME","37.0","https://images.search.yahoo.com/images/view;_ylt=AwrB8pnQxJJVZi4Am0AunIlQ;_ylu=X3oDMTIyNzkzamJhBHNlYwNzcgRzbGsDaW1nBG9pZAM4MWUzZDYyMWQ1MjNlMDQ0Mjc3ODEzZmQyNjAwY2FkYgRncG9zAzYEaXQDYmluZw--?.origin=&back=https%3A%2F%2Fimages.search.yahoo.com%2Fyhs%2Fsearch%3Fp%3Dludacris%2Bpepsi%26fr%3Dyhs-mozilla-002%26fr2%3Dpiv-web%26hsimp%3Dyhs-002%26hspart%3Dmozilla%26tab%3Dorganic%26ri%3D6&w=629&h=435&imgurl=plitkar.com.ua%2Ffiles%2F2012%2F10%2F09%2Fludacris-pepsi.jpg&rurl=http%3A%2F%2Fplitkar.com.ua%2F10-primerov-provalnyx-reklamnyx-kampanij-so-zvezdami%2F&size=66.3KB&name=%3Cb%3Eludacris-pepsi%3C%2Fb%3E.jpg&p=ludacris+pepsi&oid=81e3d621d523e044277813fd2600cadb&fr2=piv-web&fr=yhs-mozilla-002&tt=%3Cb%3Eludacris-pepsi%3C%2Fb%3E.jpg&b=0&ni=21&no=6&ts=&tab=organic&sigr=12bo2nm7v&sigb=148idlmck&sigi=11i25gh7p&sigt=10pi99fqg&sign=10pi99fqg&.crumb=0M2.3jhAHLm&fr=yhs-mozilla-002&fr2=piv-web&hsimp=yhs-002&hspart=mozilla","NA"
"Brian, Christopher ""Ludacris""","Musician","Conjure Cognac LLC","Alcohol","Conjure Cognac ","BME","37.0","http://www.alcoholjustice.org/watchdogging-2/in-the-doghouse/850-hot-in-hollywood-celebs-shilling-for-and-owning-alcohol-brands?highlight=WyJjZWxlYnJpdHkiLCJjZWxlYnJhdGUiLCJjZWxlYnJhdGVkIiwiY2VsZWJyYXRpb25zIiwiY2VsZWJyaXRpZXMiLCJjZWxlYnJhdGluZyIsImNlbGVicmF0aW9uIiwiY2VsZWJyYXRlcyJd","NA"
"Brice, Lee ","Musician","PepsiCo","SSB","Pepsi","WME","37.0","https://www.youtube.com/watch?v=oM4xO5azcvE","NA"
"Brinkley, Christie","Model","Milk PEP","Dairy","Got Milk","WFE","61.0","http://www.aceshowbiz.com/images/news/00021302.jpg","NA"
"Broadus, Calvin Cordozar ""Snoop Dogg""","Actor ","Pabst Brewing Company","Alcohol ","Blast Colt 45","BME","44.0","http://hiphopwired.com/2014/10/30/drankin-21-celebrity-alcohol-endorsements-photos/9/","NA"
"Brown, Chris","Musician","Milk PEP","Dairy","Got Milk","BME","27.0","http://www.eonline.com/eol_images/Entire_Site/20090210/293.brown.gotmilkad.021009.jpg","NA"
"Brown, Chris","Musician","Mars, Inc.","Candy","Wrigley's Doublemint","BME","27.0","https://www.youtube.com/watch?v=liq0gek8Fpk","NA"
"Bundchen, Gisele","Model","Milk PEP","Dairy","Got Milk","WFE","35.0","https://www.google.com/search?q=gisele+bundchen+got+milk&client=safari&rls=en&tbm=isch&tbo=u&source=univ&sa=X&ved=0CCAQsARqFQoTCLqvzYuT3sgCFQZbPgodXS8N0A&biw=1277&bih=633#imgrc=S8LLxjQryph_tM%3A","NA"
"Burke, Brooke","Actress","Restaurant Brands International Inc.","QSR","Burger King","WFE","43.0","http://2.bp.blogspot.com/_tUDZqcmV-IU/RYrHTxk2VZI/AAAAAAAAABs/TvhBYYphZ6U/s1600-h/Burger_King+and+Brooke+Burke.jpg","NA"
"Burns, Steve","TV personality","Milk PEP","Dairy","Got Milk","WME","41.0","https://s-media-cache-ak0.pinimg.com/736x/74/a3/b0/74a3b0548abeb8535dcb8eec2616add6.jpg","NA"
"Burrell, Tyler Gerald ""Ty Burrell ""","Actor","Milk PEP","Dairy","Got Milk","WME","48.0","http://bryanbantry.com/cms/wp-content/uploads/image-import/-VShrbt2FuRk/TclmHiQEmjI/AAAAAAAAAoA/1gWL8Fd_bYI/s400/Timothy%2BWhite_Got%2BMilk%2BAds_Page_2.jpg","NA"
"Butler, Dan","Actor","Milk PEP","Dairy","Got Milk","WME","60.0","http://file.vintageadbrowser.com/efs0dnnb5bzy5w.jpg","NA"
"Bynes, Amanda","Actress","Milk PEP","Dairy","Got Milk","WFE","29.0","http://vigilantcitizen.com/wp-content/uploads/2013/05/75497530ol6.jpg","NA"
"Campbell, Naomi","Model","Milk PEP","Dairy","Got Milk","BFE","45.0","http://media1.popsugar-assets.com/files/2014/02/24/995/n/1922398/edc292da5da7ae08_MILK_95.jpg.xxxlarge/i/Naomi-Campbell-modeled-mustache-bustier-her-Got-Milk.jpg","NA"
"Campbell, Neve","Actress ","Milk PEP","Dairy","Got Milk","WFE","41.0","http://coolspotters.com/files/photos/178622/neve-campbell-and-got-milk-gallery.jpg?1357508472","NA"
"Carey, Mariah","Musician","PepsiCo","SSB","Pepsi","BFE","45.0","https://www.youtube.com/watch?v=x_cENs0V6ZM","NA"
"Carmichael, esse Royal ""Maroon 5""","Musician","TCCC","SSB","Coca-Cola","WME","37.0","http://www.huffingtonpost.com/entry/celebrities-endorse-unhealthy-foods_us_57559f8ce4b0ed593f14f7b16","NA"
"Carmichael, esse Royal ""Maroon 5""","Musician","Dr Pepper Snapple Group","SSB","Snapple","WME","37.0","http://www.huffingtonpost.com/entry/celebrities-endorse-unhealthy-foods_us_57559f8ce4b0ed593f14f7b17","NA"
"Carter, Nick","Musician","Milk PEP","Dairy","Got Milk","WME","35.0","http://images.lifeandstylemag.com/uploads/photos/file/45375/backstreet-boys-got-milk-ad.jpg","NA"
"Carter, Shawn Corey ""Jay Z""","Musician","Ahneuser-Busch InBev","Alcohol","Budweiser","BME","46.0","http://hiphopwired.com/2014/10/30/drankin-21-celebrity-alcohol-endorsements-photos/20/","NA"
"Carter, Shawn Corey ""Jay Z""","Musician","D'usse","Alcohol","D'usse","BME","47.0","http://hiphopwired.com/2014/10/30/drankin-21-celebrity-alcohol-endorsements-photos/21/","NA"
"Carter, Shawn Corey ""Jay Z""","Musician","TCCC","SSB","Coca-Cola","BME","47.0","https://www.youtube.com/watch?v=_fwErLndqs4","NA"
"Cattrall, Kim","Actress","Milk PEP","Dairy","Got Milk","WFE","59.0","http://coolspotters.com/files/photos/83888/kim-cattrall-and-got-milk-gallery.jpg?1357420393","NA"
"Cavalli, Roberto ","Fashion Designer","Roberto Cavalli","Alcohol","Roberto Cavalli Vodka","WME","75.0","http://www.alcoholjustice.org/watchdogging-2/in-the-doghouse/850-hot-in-hollywood-celebs-shilling-for-and-owning-alcohol-brands?highlight=WyJjZWxlYnJpdHkiLCJjZWxlYnJhdGUiLCJjZWxlYnJhdGVkIiwiY2VsZWJyYXRpb25zIiwiY2VsZWJyaXRpZXMiLCJjZWxlYnJhdGluZyIsImNlbGVicmF0aW9uIiwiY2VsZWJyYXRlcyJd","NA"
"Chalke, Sarah","Actress","Milk PEP","Dairy","Got Milk","WFE","39.0","https://www.google.com/search?q=donald+faison+got+milk&client=safari&rls=en&tbm=isch&tbo=u&source=univ&sa=X&ved=0CB0QsARqFQoTCNSJj--P3sgCFQIYPgodgYcLIA&biw=1277&bih=633#imgrc=q2D3TM0jY9Pz3M%3A","NA"
"Chan, Jackie","Actor ","Milk PEP","Dairy","Got Milk","AME","61.0","http://www.bambootrading.com/milk/1729.JPG","NA"
"Channing, Stockard","Actress","Milk PEP","Dairy","Got Milk","WFE","71.0","https://s-media-cache-ak0.pinimg.com/736x/48/4b/e0/484be0d09821cfbb26fb64e0b32f55c9.jpg","NA"
"Chesney, Kenny ","Musician","Blue Chair Bay Rum","Alcohol","Blue Chair Bay Rum","WME","47.0","http://cdn.hiphopwired.com/wp-content/uploads/2014/10/kenny-chesney-blue-chair-bay-rum.jpg","NA"
"Chiklis, Michael","Actor","Milk PEP","Dairy","Got Milk","WME","52.0","https://adnatomy.files.wordpress.com/2013/03/got-milk-fantastic-four.jpg","NA"
"Christian, Armando ""Pitbull""","Musician","Dr Pepper Snapple Group","SSB","Dr Pepper","LME","32.0","http://christianhoyle.prosite.com/45399/2638630/my-work/dr-pepper-branding-campaign","NA"
"Christian, Armando ""Pitbull""","Musician","PepsiCo","SSB","Pepsi","LME","32.0","http://www.trendystudio.net/wp-content/uploads/2013/11/Trendy_Studio_Pitbull_Pepsi_3-410x530.jpg","NA"
"Clarkson, Kelly","Musician","Milk PEP","Dairy","Got Milk","WFE","33.0","http://assets.nydailynews.com/polopoly_fs/1.1701086!/img/httpImage/image.jpg_gen/derivatives/gallery_1200/kelly-clarkson-2005.jpg","NA"
"Clarkson, Kelly","Musician","TCCC","SSB","Glaceau's Vitaminwater","WFE","33.0","https://images.search.yahoo.com/images/view;_ylt=AwrB8pPRMYxVTysA7j0unIlQ;_ylu=X3oDMTIyZnZqNWNuBHNlYwNzcgRzbGsDaW1nBG9pZANlYWYyMmZjYjI1MTdkZjRiMTUxMWI2MjNiYTM5MzY0MwRncG9zAzMEaXQDYmluZw--?.origin=&back=https%3A%2F%2Fimages.search.yahoo.com%2Fyhs%2Fsearch%3Fp%3Dkelly%2Bclarkson%2Bvitaminwater%26fr%3Dyhs-mozilla-002%26fr2%3Dpiv-web%26hsimp%3Dyhs-002%26hspart%3Dmozilla%26tab%3Dorganic%26ri%3D3&w=799&h=502&imgurl=img.photobucket.com%2Falbums%2Fv19%2Flilmisstexan2%2FMarch%2520Of%2520Dimes%2Fvitaminwater.jpg&rurl=http%3A%2F%2Fkellyclarksonexpress.yuku.com%2Ftopic%2F14457&size=65.8KB&name=addicted+tour+west+palm+fl+%3Cb%3Evitamin+water%3C%2Fb%3E+cardboard+poster+21x13inches&p=kelly+clarkson+vitamin+water&oid=eaf22fcb2517df4b1511b623ba393643&fr2=piv-web&fr=yhs-mozilla-002&rw=kelly+clarkson+vitamin+water&tt=addicted+tour+west+palm+fl+%3Cb%3Evitamin+water%3C%2Fb%3E+cardboard+poster+21x13inches&b=0&ni=21&no=3&ts=&tab=organic&sigr=11gtc68i1&sigb=14ls6svue&sigi=12g2hpaol&sigt=12c5i3qk1&sign=12c5i3qk1&.crumb=0M2.3jhAHLm&fr=yhs-mozilla-002&fr2=piv-web&hsimp=yhs-002&hspart=mozilla","NA"
"Clarkson, Kelly","Musician","PepsiCo","SSB","Pepsi","WFE","33.0","https://www.youtube.com/watch?v=QKChllln_Xw","NA"
"Clooney, George ","Actor ","Casamigos Spirits Company","Alcohol ","Casamigos Tequila","WME","54.0","http://hiphopwired.com/2014/10/30/drankin-21-celebrity-alcohol-endorsements-photos/6/","NA"
"Coleman, Monique","Actress","Milk PEP","Dairy","Got Milk","BFE","34.0","http://cdn02.cdn.justjared.com/wp-content/uploads/headlines/2007/05/high-school-musical-2-got-milk.jpg?1","NA"
"Combs, Sean John ""Diddy""","Musician","Diageo ","Alcohol ","Ciroc","BME","46.0","http://hiphopwired.com/2014/10/30/drankin-21-celebrity-alcohol-endorsements-photos/12/","NA"
"Cook, A. J. ","Actress","PHA","Fruit and Vegetables","FNV","WFE","37.0","http://www.fnv.com/team","NA"
"Copeland, Misty ","Dancer","Dr Pepper Snapple Group","SSB","Dr Pepper Diet","MFE","33.0","http://www.dailymail.co.uk/video/news/video-1010273/Ballerina-Misty-Copeland-stars-Diet-Dr-Pepper-ad.html","NA"
"Copperfield, David","Illusionist ","Milk PEP","Dairy","Got Milk","WME","59.0","http://file.vintageadbrowser.com/bnk20phpfj4116.jpg","NA"
"Cornish, Jessica Ellen ""Jessie J""","Musician","McDonald's Corporation","QSR","McDonald's","WFE","28.0","http://www.huffingtonpost.com/entry/celebrities-endorse-unhealthy-foods_us_57559f8ce4b0ed593f14f7b7","NA"
"Cornish, Jessica Ellen ""Jessie J""","Musician","Kellogg's","Sweet","Pop Tarts","WFE","28.0","http://www.huffingtonpost.com/entry/celebrities-endorse-unhealthy-foods_us_57559f8ce4b0ed593f14f7b8","NA"
"Cornish, Jessica Ellen ""Jessie J""","Musician","Mondelez","Candy","Cadbury's","WFE","28.0","http://www.huffingtonpost.com/entry/celebrities-endorse-unhealthy-foods_us_57559f8ce4b0ed593f14f7b9","NA"
"Cosby, Bill ","Actor","TCCC","SSB","Coca-Cola","BME","78.0","https://www.youtube.com/watch?v=VIh-L--LUWg","NA"
"Cosby, Bill ","Actor","Genesee Pure Food Company","Sweet","Jell-o","BME","78.0","https://www.youtube.com/watch?v=EJhjf7KUyko","NA"
"Cosgrove, Miranda","Actress","PepsiCo","Sweet","Quaker Oats Chewy Granola Bars","WFE","22.0","http://www.spokeo.com/Miranda+Cosgrove+1/Mar+11+2010+Miranda+Cosgrove+Appearance+At+Ps+72+In+Harlem+New+York+City","NA"
"Crawford, Cindy","Model","PepsiCo","SSB","Pepsi","WFE","49.0","https://images.search.yahoo.com/images/view;_ylt=AwrB8qCN85JVJ1gAYlIunIlQ;_ylu=X3oDMTIycHJyMmdiBHNlYwNzcgRzbGsDaW1nBG9pZANiOWZmNWM2MmMzYWY0YzdkMTljYTczYWMzZWI0YjNjZgRncG9zAzEEaXQDYmluZw--?.origin=&back=https%3A%2F%2Fimages.search.yahoo.com%2Fyhs%2Fsearch%3Fp%3Dcindy%2Bcrawford%2Bpepsi%26fr%3Dyhs-mozilla-002%26fr2%3Dpiv-web%26hsimp%3Dyhs-002%26hspart%3Dmozilla%26tab%3Dorganic%26ri%3D1&w=297&h=400&imgurl=cdn.bleacherreport.net%2Fimages_root%2Fslides%2Fphotos%2F000%2F148%2F301%2FCindy_Crawford_pepsi_display_image.jpg%3F1265054299&rurl=http%3A%2F%2Fbleacherreport.com%2Farticles%2F337420-top-25-super-bowl-commercials-of-all-time&size=51.1KB&name=%3Cb%3ECindy_crawford_pepsi%3C%2Fb%3E_display_image&p=cindy+crawford+pepsi&oid=b9ff5c62c3af4c7d19ca73ac3eb4b3cf&fr2=piv-web&fr=yhs-mozilla-002&tt=%3Cb%3ECindy_crawford_pepsi%3C%2Fb%3E_display_image&b=0&ni=21&no=1&ts=&tab=organic&sigr=12j4kdgn2&sigb=14ec6k74g&sigi=13eenv2j5&sigt=119qfg3ln&sign=119qfg3ln&.crumb=0M2.3jhAHLm&fr=yhs-mozilla-002&fr2=piv-web&hsimp=yhs-002&hspart=mozilla","NA"
"Crawford, Cindy","Model","Urban Remedy","Others","Urban Remedy","WFE","49.0","https://pando.com/2014/02/04/wellness-covergirl-urban-remedy-partners-with-cindy-crawford-to-supercharge-its-wellness-brand/","NA"
"Crawford, Cindy","Model","PHA","Fruit and Vegetables","FNV","WFE","49.0","http://www.fnv.com/dist/images/team/team-crawford.jpg","NA"
"Criss, Peter","Musician","Milk PEP","Dairy","Got Milk","WME","69.0","http://www.kissdominion.com/gotmilk.jpg","NA"
"Crowe, Sheryl","Musician","Milk PEP","Dairy","Got Milk","WFE","53.0","http://mrakers.wikispaces.com/file/view/crow.png/258267464/626x805/crow.png","NA"
"Curtis, Jamie Lee","Actress","The Dannon Company","Dairy","Activia Yogurt","WFE","57.0","https://www.youtube.com/watch?v=HLDHK_RiXFc","NA"
"Cyrus, Billy Ray","Musician","Milk PEP","Dairy","Got Milk","WME","54.0","http://file.vintageadbrowser.com/azaoqlctl2gzby.jpg","NA"
"Cyrus, Miley","Musician","Milk PEP","Dairy","Got Milk","WFE","22.0","http://www.aceshowbiz.com/images/news/mileygotmilk.jpg","NA"
"Daly, Carson","TV Personality ","Milk PEP","Dairy","Got Milk","WME","42.0","http://www.bambootrading.com/1700-1/1700-51.JPG","NA"
"DeGeneres, Ellen","Actress","TCCC","NCB","Vitaminwater ZERO","WFE","57.0","http://www.celebrityendorsementads.com/celebrity-endorsements/celebrities/ellen-degeneres/images/ellen-degeneres-vitaminwater-instyle-08-2010.jpg","NA"
"DeVito, Danny","Actor","Milk PEP","Dairy","Got Milk","WME","70.0","http://file.vintageadbrowser.com/ijuvoyedfr0hl7.jpg","NA"
"DeVito, Danny","Actor","Danny Devito","Alcohol","Danny DeVito Limoncello","WME","70.0","http://www.alcoholjustice.org/watchdogging-2/in-the-doghouse/850-hot-in-hollywood-celebs-shilling-for-and-owning-alcohol-brands?highlight=WyJjZWxlYnJpdHkiLCJjZWxlYnJhdGUiLCJjZWxlYnJhdGVkIiwiY2VsZWJyYXRpb25zIiwiY2VsZWJyaXRpZXMiLCJjZWxlYnJhdGluZyIsImNlbGVicmF0aW9uIiwiY2VsZWJyYXRlcyJd","NA"
"Dillard, Tramar Lacel ""Flo Rida""","Musician","Celsius","LCB","Celsius","BME","36.0","https://www.youtube.com/watch?v=MxyKqJyfOG8","NA"
"Dixon, Maxwell ""Grand Puba""","Musician","TCCC","SSB","Sprite","BME","49.0","https://www.youtube.com/watch?v=pf2Gh4RF2e0","NA"
"Dobrev, Nina","Actress","Milk PEP","Dairy","Got Milk","WFE","26.0","http://vampirediaries.alloyentertainment.com/files/2012/05/nina-dobrev-and-her-mom-got-milk.jpg","NA"
"Dobson, Fefe","Musician","Milk PEP","Dairy","Got Milk","BFE","30.0","http://www.bambootrading.com/1700-1/1700-58.JPG","NA"
"Dogg, Snoop","Musician","The Wonderful Company","Salty","Wonderful Pistachios","BME","43.0","https://www.youtube.com/watch?v=SNlIO66zPVk","NA"
"Dogg, Snoop","Musician","Nestle","Others","Hot Pockets","BME","43.0","https://www.youtube.com/watch?v=PKRo1spltAg","NA"
"Dogg, Snoop","Musician","Hansen Natural Corp.","SSB","Monster Energy","BME","43.0","http://uproxx.com/smokingsection/snoop-doggs-wildest-endorsement-deals/10/","NA"
"Donaldson, Colby ","TV Personality","Milk PEP","Dairy","Got Milk","WME","41.0","http://www.chron.com/life/slideshow/Got-Milk-campaign-posters-80682/photo-5937382.php","NA"
"Dorough, Howie","Musician","Milk PEP","Dairy","Got Milk","WME","42.0","http://images.lifeandstylemag.com/uploads/photos/file/45375/backstreet-boys-got-milk-ad.jpg","NA"
"Douglas, Ashanti Shequoiya ""Ashanti""","Musician","PHA","Fruit and Vegetables","FNV","BFE","35.0","http://www.theybf.com/2015/11/22/first-lady-michelle-obama-gabrielle-union-ashanti-jordin-sparks-more-celebrate-healthy","NA"
"Douglas, Ashanti Shequoiya ""Ashanti""","Musician","PHA","Water","Drink UP Campaign","BFE","35.0","https://www.youtube.com/watch?v=MTf9RVMnr5A","NA"
"Duff, Hilary","Actress","Milk PEP","Dairy","Got Milk","WFE","28.0","http://file.vintageadbrowser.com/xepnpwxaguq3or.jpg","NA"
"Dylan, Bob ","Musician","PepsiCo","SSB","Pepsi","MME","75.0","https://www.youtube.com/watch?v=XXdLhTNBHbA","NA"
"Efron, Zac","Actor","Milk PEP","Dairy","Got Milk","WME","27.0","http://cdn02.cdn.justjared.com/wp-content/uploads/headlines/2007/05/high-school-musical-2-got-milk.jpg?1","NA"
"Elba, Idris","Actor","TCCC","Water","Smartwater","BME","43.0","http://amsterdam-ftv-blog.com/archives/21871","NA"
"Elliot, Missy","Musician","PepsiCo","Salty","Doritos","BFE","44.0","https://images.search.yahoo.com/images/view;_ylt=AwrB8paxMIxVNk0ADe8unIlQ;_ylu=X3oDMTIyaDFwdGNkBHNlYwNzcgRzbGsDaW1nBG9pZANjNmQ4NWY2Y2Q0NDYyYzA5MTNlN2JjMjI3ZjM5NzhkMwRncG9zAzEEaXQDYmluZw--?.origin=&back=https%3A%2F%2Fimages.search.yahoo.com%2Fyhs%2Fsearch%3Fp%3Dmissy%2Belliot%2Bfrito-lay%26n%3D60%26ei%3DUTF-8%26fr%3Dyhs-mozilla-002%26fr2%3Dsb-top-images.search.yahoo.com%26hsimp%3Dyhs-002%26hspart%3Dmozilla%26tab%3Dorganic%26ri%3D1&w=405&h=342&imgurl=pop.wizbangblog.com%2Fimages%2F2007%2F09%2Fmissy_elliott_not_britney_spea%2F4mhxocw.jpg&rurl=http%3A%2F%2Fwizbangpop.com%2F2007%2F09%2F18%2Fmissy-elliott-not-britney-spears-to-star-in-new-doritos-commercials.php&size=29.0KB&name=%3Cb%3EMissy%3C%2Fb%3E+%3Cb%3EElliott%3C%2Fb%3E%2C+not+Britney+Spears%2C+to+star+in+new+Doritos+commercials&p=missy+elliot+frito-lay&oid=c6d85f6cd4462c0913e7bc227f3978d3&fr2=sb-top-images.search.yahoo.com&fr=yhs-mozilla-002&tt=%3Cb%3EMissy%3C%2Fb%3E+%3Cb%3EElliott%3C%2Fb%3E%2C+not+Britney+Spears%2C+to+star+in+new+Doritos+commercials&b=0&ni=128&no=1&ts=&tab=organic&sigr=138irdust&sigb=15lhhrsnh&sigi=12ddfj1j8&sigt=12jh40ven&sign=12jh40ven&.crumb=0M2.3jhAHLm&fr=yhs-mozilla-002&fr2=sb-top-images.search.yahoo.com&hsimp=yhs-002&hspart=mozilla","NA"
"Evans, Chris","Actor","Milk PEP","Dairy","Got Milk","WME","34.0","https://adnatomy.files.wordpress.com/2013/03/got-milk-fantastic-four.jpg","NA"
"Evigan, Briana","Actress","PHA","Fruit and Vegetables ","FNV","WFE","28.0","http://www.fnv.com/dist/images/team/team-evigan.jpg","NA"
"Faison, Donald","Actor","Milk PEP","Dairy","Got Milk","BME","41.0","https://www.google.com/search?q=donald+faison+got+milk&client=safari&rls=en&tbm=isch&tbo=u&source=univ&sa=X&ved=0CB0QsARqFQoTCNSJj--P3sgCFQIYPgodgYcLIA&biw=1277&bih=633#imgrc=q2D3TM0jY9Pz3M%3A","NA"
"Famie, Keith ","TV Personality","Milk PEP","Dairy","Got Milk","WME","56.0","http://www.chron.com/life/slideshow/Got-Milk-campaign-posters-80682/photo-5937382.php","NA"
"Fenty, Robyn Rihanna","Musician","Milk PEP","Dairy","Got Milk","BFE","27.0","http://cdn01.cdn.justjared.com/wp-content/uploads/headlines/2008/01/rihanna-got-milk.jpg","NA"
"Fenty, Robyn Rihanna","Musician","Vita Coco","LCB","Vita Coco","BFE","27.0","http://www.styleandvibes.com/2011/06/rihannas-vita-coco-ad/","NA"
"Fenty, Robyn Rihanna","Musician","PepsiCo","Salty","Doritos","BFE","27.0","http://www.coloribus.com/adsarchive/promo-casestudy/doritos-late-night-rihanna-late-night-global-15836805/","NA"
"Flav, Flavor ","Musician","PepsiCo","SSB","Pepsi","BME","57.0","https://www.youtube.com/watch?v=uKmvcNY1U_g","NA"
"Flynn, Matt ""Maroon 5""","Musician","TCCC","SSB","Coca-Cola","WME","46.0","http://www.huffingtonpost.com/entry/celebrities-endorse-unhealthy-foods_us_57559f8ce4b0ed593f14f7b20","NA"
"Flynn, Matt ""Maroon 5""","Musician","Dr Pepper Snapple Group","SSB","Snapple","WME","46.0","http://www.huffingtonpost.com/entry/celebrities-endorse-unhealthy-foods_us_57559f8ce4b0ed593f14f7b21","NA"
"Fogle, Jared","TV personality","Milk PEP","Dairy","Got Milk","WME","38.0","http://www.brandchannel.com/wp-content/uploads/2015/08/subway-jared-fogle-got-milk.jpg","NA"
"Ford, Harrison","Actor","Milk PEP","Dairy","Got Milk","WME","73.0","http://cdn.pursuitist.com/wp-content/uploads/2011/07/PRN9-MILK-PROCESSOR-EDUCATION-CAMPAIGN-1yHigh-e1311255005900.jpg","NA"
"Fox, Matthew","Actor","Milk PEP","Dairy","Got Milk","WME","49.0","http://coolspotters.com/files/photos/342805/matthew-fox-and-got-milk-gallery.jpg?1357478687","NA"
"Frankel, Bethenny ","TV personality","Skinny Girl Cocktails LLC","Alcohol","Skinnygirl","WFE","45.0","http://fortune.com/2015/01/08/celebrities-alcohol-brands/","NA"
"Franz, Dennis","Actor","Milk PEP","Dairy","Got Milk","WME","70.0","https://troglopundit.files.wordpress.com/2014/02/jimmy-smits-dennis-franz-got-milk.jpg","NA"
"Frehley, Ace","Musician","Milk PEP","Dairy","Got Milk","WME","64.0","http://www.kissdominion.com/gotmilk.jpg","NA"
"Fuentes, Daisy","TV personality","Milk PEP","Dairy","Got Milk","LFE","48.0","http://file.vintageadbrowser.com/di4klznz9rlalp.jpg","NA"
"Garcia, Jessica Marie","Actress","PHA","Fruit and Vegetables","FNV","LFE","28.0","https://www.youtube.com/watch?v=YAzqXF7-auA","NA"
"Garrett, Brad","Actor","Milk PEP","Dairy","Got Milk","WME","55.0","http://www.bambootrading.com/milk/1732.JPG","NA"
"Gaylor, Chris","Musician","Milk PEP","Dairy","Got Milk","WME","36.0","https://s-media-cache-ak0.pinimg.com/236x/1c/a6/03/1ca603fd8fb7f390f5e4024005dc1a05.jpg","NA"
"Gellar, Sarah Michelle","Actress","Milk PEP","Dairy","Got Milk","WFE","38.0","http://www.bambootrading.com/milk/1776.JPG","NA"
"Gilbert, Brantley ","Musician","PepsiCo","SSB","Mountain Dew","WME","31.0","https://vimeo.com/63333480","NA"
"Gilpin, Peri","Actress","Milk PEP","Dairy","Got Milk","WFE","54.0","http://file.vintageadbrowser.com/efs0dnnb5bzy5w.jpg","NA"
"Goldberg, Whoopi","Actress","Milk PEP","Dairy","Got Milk","BFE","59.0","http://img2.timeinc.net/people/i/2013/sandbox/news/131209/90s-moustaches/whoopi-goldber-600x450.jpg","NA"
"Gomez, Selena","Actress","Borden Milk","Dairy","Borden Milk","LFE","22.0","http://www.mediapost.com/publications/article/113603/elsie-the-cow-parties-with-selena-gomez.html","NA"
"Gomez, Selena","Actress","TCCC","SSB","Coca-Cola","LFE","22.0","http://www.billboard.com/articles/news/7350343/selena-gomez-coca-cola-campaign-interview","NA"
"Gooding, Cuba, Jr.","Actor","PepsiCo","SSB","Pepsi","BME","47.0","http://okmagazine.com/get-scoop/watch-cuba-gooding-jr-in-pepsis-mini-hollywood-commercial/","NA"
"Gould, Nolan","Actor","Milk PEP","Dairy","Got Milk","WME","16.0","http://bryanbantry.com/cms/wp-content/uploads/image-import/-VShrbt2FuRk/TclmHiQEmjI/AAAAAAAAAoA/1gWL8Fd_bYI/s400/Timothy%2BWhite_Got%2BMilk%2BAds_Page_2.jpg","NA"
"Grabeel, Lucas","Actor","Milk PEP","Dairy","Got Milk","WME","30.0","http://cdn02.cdn.justjared.com/wp-content/uploads/headlines/2007/05/high-school-musical-2-got-milk.jpg?1","NA"
"Graham, Aubrey Drake ""Drake""","Musician","TCCC","SSB","Sprite","BME","28.0","http://www.bombe.tv/blog/tag/drake/","NA"
"Grammer, Kelsey","Actor","Milk PEP","Dairy","Got Milk","WME","60.0","http://www.chisholm-poster.com/small/CL65616.jpg","NA"
"Grande, Ariana","Musician","Wat-AAH!","NCB","Wat-AAH!","LFE","22.0","http://agrande-news.tumblr.com/post/99142779063/wataah-wat-aah-x-arianagrande-drinkwataah","NA"
"Grande, Ariana","Musician","Nestle","SSB","Nesquick","LFE","22.0","https://www.youtube.com/watch?v=RwSqIXbeaxU","NA"
"Grant, Amy","Musician","Milk PEP","Dairy","Got Milk","WFE","54.0","http://www.bambootrading.com/milk/1712.JPG","NA"
"Grant, lizabeth Woolridge ""Lana Del Rey""","Musician","Nestle","LCB","Nespresso","WFE","30.0","https://www.youtube.com/watch?v=aXUyQ2izpkM","NA"
"Green, Cee-Lo ","Musician","Dr Pepper Snapple Group","SSB","7-UP","BME","42.0","https://www.youtube.com/watch?v=tk6M8UKfJ2U","NA"
"Green, Eva","Actress","Davide Campari-Milano ","Alcohol","Campari","WFE","35.0","http://cdn.hiphopwired.com/wp-content/uploads/2014/10/eva-green-campari.jpg","NA"
"Grier, Hayes","Musician","PHA","Fruit and Vegetables","FNV","WME","15.0","http://www.fnv.com/dist/images/team/team-grier.jpg","NA"
"Grier, Nash","Musician","PHA","Fruit and Vegetables","FNV","WME","16.0","http://www.fnv.com/dist/images/team/team-grier.jpg","NA"
"Griffith, Melanie","Actress","Milk PEP","Dairy","Got Milk","WFE","58.0","http://www.thestar.com/content/dam/thestar/entertainment/movies/2015/02/11/before-fifty-shades-came-got-milk-for-dakota-johnson/got-milk.jpg","NA"
"Gruffudd, Ioan","Actor","Milk PEP","Dairy","Got Milk","WME","42.0","https://adnatomy.files.wordpress.com/2013/03/got-milk-fantastic-four.jpg","NA"
"Hagar, Sammy ","Musician","Sammy Hagar","Alcohol","Beach Bar Rum","WME","68.0","http://hiphopwired.com/2014/10/30/drankin-21-celebrity-alcohol-endorsements-photos/22/","NA"
"Hagar, Sammy ","Musician","Sammy Hagar","Alcohol","Cabo Wabo Tequila","WME","68.0","http://www.alcoholjustice.org/watchdogging-2/in-the-doghouse/850-hot-in-hollywood-celebs-shilling-for-and-owning-alcohol-brands?highlight=WyJjZWxlYnJpdHkiLCJjZWxlYnJhdGUiLCJjZWxlYnJhdGVkIiwiY2VsZWJyYXRpb25zIiwiY2VsZWJyaXRpZXMiLCJjZWxlYnJhdGluZyIsImNlbGVicmF0aW9uIiwiY2VsZWJyYXRlcyJd","NA"
"Haggerty, Ben ""Macklemore""","Musician","Frito Lay","Sweet","Cracker Jack","WME","32.0","http://www.huffingtonpost.com/entry/celebrities-endorse-unhealthy-foods_us_57559f8ce4b0ed593f14f7b30","NA"
"Haggerty, Ben ""Macklemore""","Musician","Dr Pepper Snapple Group","SSB","Dr Pepper","WME","32.0","http://www.huffingtonpost.com/entry/celebrities-endorse-unhealthy-foods_us_57559f8ce4b0ed593f14f7b31","NA"
"Hanson, Isaac ","Musician","Hanson Brothers Beer Company","Alcohol","MmmHop","WME","34.0","http://fortune.com/2015/01/08/celebrities-alcohol-brands/","NA"
"Hanson, Isaac ","Musician","Milk PEP","Dairy","Got Milk","WME","34.0","http://file.vintageadbrowser.com/0rd6q2vyrfgazk.jpg","NA"
"Hanson, Taylor","Musician","Milk PEP","Dairy","Got Milk","WME","32.0","http://file.vintageadbrowser.com/0rd6q2vyrfgazk.jpg","NA"
"Hanson, Taylor","Musician","Hanson Brothers Beer Company","Alcohol","MmmHop","WME","32.0","http://fortune.com/2015/01/08/celebrities-alcohol-brands/","NA"
"Hanson, Zac","Musician","Milk PEP","Dairy","Got Milk","WME","30.0","http://file.vintageadbrowser.com/0rd6q2vyrfgazk.jpg","NA"
"Hanson, Zac","Musician","Hanson Brothers Beer Company","Alcohol","MmmHop","WME","30.0","http://fortune.com/2015/01/08/celebrities-alcohol-brands/","NA"
"Harmon, Angie","Actress","Milk PEP","Dairy","Got Milk","WFE","43.0","http://www-sassisamblog-com.zippykid.netdna-cdn.com/wp-content/uploads/2011/05/Angie_Harmon_Got_Milk_02.jpg","NA"
"Harris, Calvin","Musician","PepsiCo","SSB","Pepsi","WME","31.0","https://www.youtube.com/watch?v=A3sbdheKiLY","NA"
"Harris, Calvin","Musician","TCCC","SSB","Coca-Cola","WME","31.0","https://www.youtube.com/watch?v=v-mOzzVQoO0","NA"
"Harvey, Steve","Actor","Restaurant Brands International Inc.","QSR","Burger King","BME","58.0","http://i.ytimg.com/vi/Rl9guQmwg-A/hqdefault.jpg","NA"
"Hatch, Richard ","TV Personality","Milk PEP","Dairy","Got Milk","WME","54.0","http://www.cbsnews.com/news/see-it-buy-it/","NA"
"Hawk, Susan ","TV Personality","Milk PEP","Dairy","Got Milk","WFE","54.0","http://www.cbsnews.com/news/see-it-buy-it/","NA"
"Hayek, Selma","Actress","Restaurant Brands International Inc.","QSR","Burger King","LFE","49.0","http://www.lazygirls.info/Salma_Hayek/English_Burger_King_Commercial__PKFQGOH","NA"
"Hayek, Selma","Actress","Milk PEP","Dairy","Got Milk","LFE","49.0","http://cdn3.gossipcenter.com/sites/default/files/imagecache/story_header/photos/salma031313sp.jpg","NA"
"Hayes, Hunter ","Musician","PepsiCo","SSB","Pepsi","WME","24.0","https://www.youtube.com/watch?v=tHO82xfDCJM","NA"
"Haynes, Cornell Iral, Jr. ""Nelly""","Musician","Milk PEP","Dairy","Got Milk","BME","40.0","http://file.vintageadbrowser.com/bcjqpl73bdhquj.jpg","NA"
"Haynes, Cornell Iral, Jr. ""Nelly""","Musician","General Mills, Inc.","Cereal","Honey Nut Cheerios","BME","40.0","https://www.youtube.com/watch?v=w5wEHA4PAEU","NA"
"Haynes, Cornell Iral, Jr. ""Nelly""","Musician","Just Born, Inc.","Candy","Mike and Ike","BME","40.0","https://www.youtube.com/watch?v=6GLM3ODkiTU","NA"
"Haywood, Dave ""Lady Antebellum""","Musician","Unilever","SSB","Lipton Iced Tea","WME","33.0","https://www.youtube.com/watch?v=39cPFjM-hi5","NA"
"Heaton, Patricia","Actress","Milk PEP","Dairy","Got Milk","WFE","57.0","http://www.bambootrading.com/milk/1732.JPG","NA"
"Henderson, Florence","Actress","Milk PEP","Dairy","Got Milk","WFE","81.0","https://www.google.com/search?q=florence+henderson+got+milk&client=safari&rls=en&tbm=isch&tbo=u&source=univ&sa=X&ved=0CB0QsARqFQoTCISXg5iS3sgCFYHZPgod8pwFbQ&biw=1277&bih=633#imgrc=blHPCXYYur9s_M%3A","NA"
"Hewitt, Jennifer Love","Actress","Milk PEP","Dairy","Got Milk","WFE","36.0","http://d3819ii77zvwic.cloudfront.net/wp-content/uploads/2014/02/Jennifer-Love-Hewitt-Got-Milk.jpg","NA"
"Hilton, Paris","TV Personality","CKE Restaurants","QSR","Carl's Jr","WFE","34.0","https://images.search.yahoo.com/images/view;_ylt=AwrB8pdq1pJV6woAaA4unIlQ;_ylu=X3oDMTIycmo5MDk2BHNlYwNzcgRzbGsDaW1nBG9pZAM1NzAwN2E5Y2E0MDdiYTAyZjUwYzFmODNlZTRkMmIwYgRncG9zAzYEaXQDYmluZw--?.origin=&back=https%3A%2F%2Fimages.search.yahoo.com%2Fyhs%2Fsearch%3Fp%3Dhardees%2Bcelebrity%2Bendorsment%26fr%3Dyhs-mozilla-002%26fr2%3Dpiv-web%26hsimp%3Dyhs-002%26hspart%3Dmozilla%26tab%3Dorganic%26ri%3D6&w=200&h=250&imgurl=www.escali.com%2Fblog%2Fwp-content%2Fuploads%2F2013%2F06%2FCarlsJr-Kardashian-b.jpg&rurl=http%3A%2F%2Fwww.escali.com%2Fblog%2Fcelebrity-influence-over-product-food%2F&size=19.3KB&name=%3Cb%3ECelebrity%3C%2Fb%3E+Influence+Over+Products+%26+Food&p=hardees+celebrity+endorsement&oid=57007a9ca407ba02f50c1f83ee4d2b0b&fr2=piv-web&fr=yhs-mozilla-002&rw=hardees+celebrity+endorsement&tt=%3Cb%3ECelebrity%3C%2Fb%3E+Influence+Over+Products+%26+Food&b=0&ni=21&no=6&ts=&tab=organic&sigr=121ucqc03&sigb=14muvcjm3&sigi=127sfnrhb&sigt=11fi8io2a&sign=11fi8io2a&.crumb=0M2.3jhAHLm&fr=yhs-mozilla-002&fr2=piv-web&hsimp=yhs-002&hspart=mozilla","NA"
"Homem-Christo, Guy-Manuel de ""Daft Punk""","Musician","TCCC","SSB","Coca-Cola","WME","42.0","https://www.youtube.com/watch?v=rnEzAX-MsNU","NA"
"Horan, Niall James ""One Direction""","Musician","Mondelez","Sweet","Nabisco","WME","22.0","http://www.huffingtonpost.com/entry/celebrities-endorse-unhealthy-foods_us_57559f8ce4b0ed593f14f7b32","NA"
"Horan, Niall James ""One Direction""","Musician","PepsiCo","SSB","Pepsi","WME","22.0","http://www.huffingtonpost.com/entry/celebrities-endorse-unhealthy-foods_us_57559f8ce4b0ed593f14f7b33","NA"
"Hough, Julianne","Musician","Milk PEP","Dairy","Got Milk","WFE","27.0","http://www.danarebeccadesigns.com/press_celebrity/popup_juliannehough3.jpg","NA"
"Hough, Julianne","Musician","Mars, Inc.","Candy","Juicy Fruit ","WFE","27.0","https://www.google.com/search?q=julianne+hough+juicy+fruit+endorsement&client=safari&rls=en&biw=1277&bih=634&source=lnms&tbm=isch&sa=X&ved=0CAcQ_AUoAWoVChMIp7PNysHWyAIVxqMeCh2a0QEd#imgrc=eR0wu01uYE9lhM%3A","NA"
"Hough, Julianne","Musician","PHA","Fruit and Vegetables","FNV","WFE","27.0","http://www.fnv.com/dist/images/team/team-hough.jpg","NA"
"Houston, Jordan Michael ""Juicy J""","Musician","Red Bull GmbH","SSB","Red Bull","BME","41.0","http://www.huffingtonpost.com/entry/celebrities-endorse-unhealthy-foods_us_57559f8ce4b0ed593f14f7b26","NA"
"Houston, Jordan Michael ""Juicy J""","Musician","Core Hydration","LCB","CORE Hydration","BME","41.0","http://www.huffingtonpost.com/entry/celebrities-endorse-unhealthy-foods_us_57559f8ce4b0ed593f14f7b27","NA"
"Howard, Ron","Actor ","Milk PEP","Dairy","Got Milk","WME","61.0","http://www.bambootrading.com/milk/1749.JPG","NA"
"Hudgens, Vanessa","Actress","Milk PEP","Dairy","Got Milk","LFE","26.0","http://cdn02.cdn.justjared.com/wp-content/uploads/headlines/2007/05/high-school-musical-2-got-milk.jpg?1","NA"
"Hudson, Jennifer","Musician","Milk PEP","Dairy","Got Milk","BFE","34.0","http://thatgrapejuice.net/wp-content/uploads/2010/02/Jennifer-Got-Milk.png","NA"
"Huffman, Felicity","Actress","Milk PEP","Dairy ","Got Milk","WFE","52.0","http://assets.nydailynews.com/polopoly_fs/1.146176!/img/httpImage/image.jpg_gen/derivatives/article_970/alg-milk-shoot3-jpg.jpg","NA"
"Hurley, Elizabeth","Actress","Milk PEP","Dairy","Got Milk","WFE","50.0","https://s-media-cache-ak0.pinimg.com/236x/a9/06/59/a9065998c1b82a48412212ae42293efe.jpg","NA"
"Hyland, Sarah","Actress","Milk PEP","Dairy","Got Milk","WFE","24.0","http://bryanbantry.com/cms/wp-content/uploads/image-import/-VShrbt2FuRk/TclmHiQEmjI/AAAAAAAAAoA/1gWL8Fd_bYI/s400/Timothy%2BWhite_Got%2BMilk%2BAds_Page_2.jpg","NA"
"Iglesias, Enrique","Musician","PepsiCo","SSB","Pepsi","LME","40.0","http://api.ning.com/files/3ZEP4oP9zX*a66MTZ4GsDqaGzczL1lQWxxC5B2oL8puP-YeeBL-Yc0-RtXvs53dhSTAcb8nhWI7YZ876FveC5ShyBe4dsGhX/enriqueiglesiasphotopage59534.jpg","NA"
"Jackman, Hugh","Actor","Milk PEP","Dairy","Got Milk","WME","46.0","http://img4.wikia.nocookie.net/__cb20141122131521/twilightsaga/images/4/4f/Hugh-Jackman-Wolverine-Got-Milk-Campaign-hugh-jackman-5672370-400-535.jpg","NA"
"Jackman, Hugh","Actor","Unilever","SSB","Lipton Iced Tea","WME","46.0","http://i.ytimg.com/vi/E8ze0dJFd-M/0.jpg","NA"
"Jackson, Curtis James ""50 cent""","Musician","TCCC","SSB","Glaceau's Vitaminwater","BME","40.0","http://www.celebritynetworth.com/articles/entertainment-articles/how-much-did-50-cent-make-off-vitamin-water/","NA"
"Jackson, Joshua","Actor","Milk PEP","Dairy","Got Milk","WME","37.0","http://coolspotters.com/files/photos/169446/joshua-jackson-and-got-milk-gallery.jpg?1357511198","NA"
"Jackson, O'Shea ""Ice Cube""","Musician","Coors Brewing Company","Alcohol ","Coors Light","BME","46.0","http://hiphopwired.com/2014/10/30/drankin-21-celebrity-alcohol-endorsements-photos/14/","NA"
"Jackson, Randy","TV Personality","PHA","Fruit and Vegetables","FNV","BME","59.0","http://www.fnv.com/dist/images/team/team-jackson.jpg","NA"
"Jae-sang Park ""PSY""","Musician","The Wonderful Company","Salty","Wonderful Pistachios","AME","38.0","http://www.huffingtonpost.com/entry/celebrities-endorse-unhealthy-foods_us_57559f8ce4b0ed593f14f7b24","NA"
"Jae-sang Park ""PSY""","Musician","Nong Shim Holdings Co Ltd.","Others","Nongshim Shin Ramyun Black Cup","AME","38.0","http://www.huffingtonpost.com/entry/celebrities-endorse-unhealthy-foods_us_57559f8ce4b0ed593f14f7b25","NA"
"Jeffers-Cooper, Eve Jihan","Musician","PepsiCo","SSB","Pepsi","BFE","36.0","https://www.youtube.com/watch?v=FLKEZNxAvoY","NA"
"Jeong, Ken ","Actress","TCCC","NCB","Coke Zero","AME","46.0","https://www.youtube.com/watch?v=QJwfqKaE8P0","NA"
"John, Elton","Musician","Milk PEP","Dairy","Got Milk","WME","68.0","http://www.bambootrading.com/1700-1/1700-28.JPG","NA"
"John, Elton","Musician","PepsiCo","SSB","Pepsi","WME","68.0","https://www.youtube.com/watch?v=iVoUn8uFehg","NA"
"Jolie, Angelina","Actress ","Milk PEP","Dairy","Got Milk","WFE","40.0","http://assets.nydailynews.com/polopoly_fs/1.1701073!/img/httpImage/image.jpg_gen/derivatives/gallery_1200/angelina-jolie-2003.jpg","NA"
"Jolie, Angelina","Actress ","Chateau Miraval","Alcohol","Miraval Rose","WFE","40.0","http://fortune.com/2015/01/08/celebrities-alcohol-brands/","NA"
"Jonas, Nick","Musician","PHA","Fruit and Vegetables","FNV","WME","23.0","http://www.fnv.com/dist/images/team/team-jonas.jpg","NA"
"Jones, Nasir bin Olu Dara ""Nas""","Musician","Jas Hennessy & Co. ","Alcohol ","Hennessy","BME","42.0","http://hiphopwired.com/2014/10/30/drankin-21-celebrity-alcohol-endorsements-photos/16/","NA"
"Jones, Shirley","Actress","Milk PEP","Dairy","Got Milk","WFE","81.0","http://file.vintageadbrowser.com/2hgpmbxo6fjwgs.jpg","NA"
"Justice, Victoria","Actress","Milk PEP","Dairy","Got Milk","LFE","22.0","http://cdn04.cdn.justjaredjr.com/wp-content/uploads/pictures/2010/09/justice-milk/victoria-justice-got-milk-mustache-02.jpg","NA"
"Kardashian, Khloe","TV Personality ","The Wonderful Company","Salty","Wonderful Pistachios","WFE","31.0","https://images.search.yahoo.com/images/view;_ylt=AwrB8p9MNIxVJxkAGE4unIlQ;_ylu=X3oDMTIyYzI1ajRpBHNlYwNzcgRzbGsDaW1nBG9pZAMyMGFhOGY4OTA5ZTJmNjJkOTRlNDc1NWVmMDZhODg1MwRncG9zAzQEaXQDYmluZw--?.origin=&back=https%3A%2F%2Fimages.search.yahoo.com%2Fyhs%2Fsearch%3Fp%3Dkhloe%2Bkardashians%2Bpistachio%26fr%3Dyhs-mozilla-002%26fr2%3Dpiv-web%26hsimp%3Dyhs-002%26hspart%3Dmozilla%26tab%3Dorganic%26ri%3D4&w=480&h=360&imgurl=s3.vidimg02.popscreen.com%2Foriginal%2F42%2FY2lDZHo4aXJydGsx_o_khloe-lamar-wonderful-pistachios-get-crackin-ad-video.jpg&rurl=http%3A%2F%2Fpopscreen.com%2Fv%2F639jd%2Fkhloe-lamar-wonderful-pistachios-get-crackin-ad-video%23!&size=12.3KB&name=%3Cb%3EKhloe%3C%2Fb%3E+%3Cb%3EKardashian%3C%2Fb%3E+%26quot%3Bsad%26quot%3B+over+husband+Lamar+Odom%26%2339%3Bs+Dallas+Mavericks+...&p=khloe+kardashian+pistachio&oid=20aa8f8909e2f62d94e4755ef06a8853&fr2=piv-web&fr=yhs-mozilla-002&rw=khloe+kardashian+pistachio&tt=%3Cb%3EKhloe%3C%2Fb%3E+%3Cb%3EKardashian%3C%2Fb%3E+%26quot%3Bsad%26quot%3B+over+husband+Lamar+Odom%26%2339%3Bs+Dallas+Mavericks+...&b=0&ni=21&no=4&ts=&tab=organic&sigr=12k4ggmil&sigb=14lg9hblu&sigi=13isf4jkr&sigt=131cihur3&sign=131cihur3&.crumb=0M2.3jhAHLm&fr=yhs-mozilla-002&fr2=piv-web&hsimp=yhs-002&hspart=mozilla","NA"
"Kardashian, Kim","TV Personality","CKE Restaurants","QSR","Carl's Jr","AFE","34.0","https://images.search.yahoo.com/images/view;_ylt=AwrB8pdq1pJV6woAaA4unIlQ;_ylu=X3oDMTIycmo5MDk2BHNlYwNzcgRzbGsDaW1nBG9pZAM1NzAwN2E5Y2E0MDdiYTAyZjUwYzFmODNlZTRkMmIwYgRncG9zAzYEaXQDYmluZw--?.origin=&back=https%3A%2F%2Fimages.search.yahoo.com%2Fyhs%2Fsearch%3Fp%3Dhardees%2Bcelebrity%2Bendorsment%26fr%3Dyhs-mozilla-002%26fr2%3Dpiv-web%26hsimp%3Dyhs-002%26hspart%3Dmozilla%26tab%3Dorganic%26ri%3D6&w=200&h=250&imgurl=www.escali.com%2Fblog%2Fwp-content%2Fuploads%2F2013%2F06%2FCarlsJr-Kardashian-b.jpg&rurl=http%3A%2F%2Fwww.escali.com%2Fblog%2Fcelebrity-influence-over-product-food%2F&size=19.3KB&name=%3Cb%3ECelebrity%3C%2Fb%3E+Influence+Over+Products+%26+Food&p=hardees+celebrity+endorsement&oid=57007a9ca407ba02f50c1f83ee4d2b0b&fr2=piv-web&fr=yhs-mozilla-002&rw=hardees+celebrity+endorsement&tt=%3Cb%3ECelebrity%3C%2Fb%3E+Influence+Over+Products+%26+Food&b=0&ni=21&no=6&ts=&tab=organic&sigr=121ucqc03&sigb=14muvcjm3&sigi=127sfnrhb&sigt=11fi8io2a&sign=11fi8io2a&.crumb=0M2.3jhAHLm&fr=yhs-mozilla-002&fr2=piv-web&hsimp=yhs-002&hspart=mozilla","NA"
"Kelley, Charles ""Lady Antebellum""","Musician","Unilever","SSB","Lipton Iced Tea","WME","34.0","https://www.youtube.com/watch?v=39cPFjM-hi6","NA"
"Kennerty, Mike","Musician","Milk PEP","Dairy ","Got Milk","WME","35.0","https://s-media-cache-ak0.pinimg.com/236x/1c/a6/03/1ca603fd8fb7f390f5e4024005dc1a05.jpg","NA"
"Keys, Alicia ","Musician","TCCC","SSB","Glaceau's Vitaminwater","MFE","35.0","http://www.aceshowbiz.com/news/view/00015922.html","NA"
"King, Larry","TV personality","Milk PEP","Dairy","Got Milk","WME","81.0","http://www.bambootrading.com/milk/1774.JPG","NA"
"Kinski, Nastassja","Actress","Milk PEP","Dairy","Got Milk","WFE","54.0","http://www.bambootrading.com/1700-1/1700-44.JPG","NA"
"Klum, Heidi","Model","Milk PEP","Dairy","Got Milk","WFE","42.0","http://images4.fanpop.com/image/photos/22600000/Got-Milk-heidi-klum-22600909-1492-2000.jpg","NA"
"Klum, Heidi","Model","McDonald's Corporation","QSR","McDonald's","WFE","42.0","http://perezhilton.com/2008-05-29-as-if#.VZLGyucsyTU","NA"
"Klum, Heidi","Model","CKE Restaurants","QSR","Carl's Jr","WFE","42.0","https://images.search.yahoo.com/images/view;_ylt=AwrB8pof3ZJVXB8A6acunIlQ;_ylu=X3oDMTIydGM2dHZ0BHNlYwNzcgRzbGsDaW1nBG9pZAM5MGEzOGExZGI2ZjE2YzhmZjkyYjgwYjJlYmU2OWFiZQRncG9zAzEEaXQDYmluZw--?.origin=&back=https%3A%2F%2Fimages.search.yahoo.com%2Fyhs%2Fsearch%3Fp%3Dcarl%2527s%2Bjr%2Bheidi%2Bklum%26fr%3Dyhs-mozilla-002%26fr2%3Dpiv-web%26hsimp%3Dyhs-002%26hspart%3Dmozilla%26tab%3Dorganic%26ri%3D1&w=1200&h=947&imgurl=static5.therichestimages.com%2Fcdn%2F1200%2F947%2F90%2Fcw%2Fwp-content%2Fuploads%2F2014%2F11%2Fheidi-klum-carl-jr.jpg&rurl=http%3A%2F%2Fwww.therichest.com%2Fexpensive-lifestyle%2F15-of-the-most-mouth-watering-carls-jr-girls%2F&size=152.9KB&name=14+Of+The+Sexiest+%3Cb%3ECarl%E2%80%99s%3C%2Fb%3E+%3Cb%3EJr%3C%2Fb%3E.+Girls&p=carl%27s+jr+heidi+klum&oid=90a38a1db6f16c8ff92b80b2ebe69abe&fr2=piv-web&fr=yhs-mozilla-002&tt=14+Of+The+Sexiest+%3Cb%3ECarl%E2%80%99s%3C%2Fb%3E+%3Cb%3EJr%3C%2Fb%3E.+Girls&b=0&ni=21&no=1&ts=&tab=organic&sigr=12riv56rt&sigb=14gvj5skq&sigi=131cpdpjt&sigt=11i73nitv&sign=11i73nitv&.crumb=0M2.3jhAHLm&fr=yhs-mozilla-002&fr2=piv-web&hsimp=yhs-002&hspart=mozilla","NA"
"Knowles, Beyonce","Musician","Milk PEP","Dairy","Got Milk","BFE","34.0","http://images.teamsugar.com/files/usr/0/4075/beyonce_0_0.jpg","NA"
"Knowles, Beyonce","Musician","PepsiCo","SSB","Pepsi","BFE","34.0","http://www.adweek.com/files/imagecache/node-detail/news_article/beyonce-pepsi-cart-01-2012.jpg","NA"
"Knowles, Solange","Musician","Milk PEP","Dairy","Got Milk","BFE","29.0","http://files2.coloribus.com/files/adsarchive/part_1126/11269555/file/got-milk-got-milk-beyonce-solange-knowles-small-58398.jpg","NA"
"Kudrow, Lisa","Actress","Milk PEP","Dairy","Got Milk","WFE","52.0","http://ak-hdl.buzzfed.com/static/enhanced/terminal05/2012/10/2/2/enhanced-buzz-31280-1349159531-20.jpg","NA"
"Landry, Ali","Actress","PepsiCo","Salty","Doritos","LFE","41.0","http://www.businessinsider.com/8-stars-who-got-their-big-breaks-in-super-bowl-ads-2013-2?op=1","NA"
"Lee, Spike","Director","Milk PEP","Dairy","Got Milk","BME","58.0","http://file.vintageadbrowser.com/l1q4bl64hf4pio.jpg","NA"
"Leeves, Jane","Actress","Milk PEP","Dairy ","Got Milk","WFE","54.0","http://file.vintageadbrowser.com/efs0dnnb5bzy5w.jpg","NA"
"Legend, John","Musician","PHA","Water","Drink UP Campaign","BME","36.0","https://www.google.com/search?q=john+legend+drink+up&espv=2&biw=1050&bih=609&source=lnms&tbm=isch&sa=X&ei=FbiaVbumFMqlgwSH-ImIBQ&ved=0CAcQ_AUoAg#imgrc=Q3IHu_l1xAl4tM%3A","NA"
"Levine, Adam Noah ""Maroon 5""","Musician","TCCC","SSB","Coca-Cola","WME","37.0","http://www.huffingtonpost.com/entry/celebrities-endorse-unhealthy-foods_us_57559f8ce4b0ed593f14f7b12","NA"
"Levine, Adam Noah ""Maroon 5""","Musician","Dr Pepper Snapple Group","SSB","Snapple","WME","37.0","http://www.huffingtonpost.com/entry/celebrities-endorse-unhealthy-foods_us_57559f8ce4b0ed593f14f7b13","NA"
"Liotta, Ray ","Actor ","Agavera Camichines ","Alcohol","1800 Tequila Silver","WME","61.0","http://hiphopwired.com/2014/10/30/drankin-21-celebrity-alcohol-endorsements-photos/2/","NA"
"Lipnicki, Jonathan","Actor","Milk PEP","Dairy","Got Milk","WME","26.0","http://media2.popsugar-assets.com/files/2013/10/31/888/n/1922398/44690f5b8a0b3937_xsskvttx88st87.xxxlarge/i/After-melting-hearts-1996-Jerry-Maguire-actor-Jonathan-Lipnicki.jpg","NA"
"Littrell, Brian","Musician","Milk PEP","Dairy","Got Milk","WME","40.0","http://images.lifeandstylemag.com/uploads/photos/file/45375/backstreet-boys-got-milk-ad.jpg","NA"
"Lohan, Lindsay","Actress","Milk PEP","Dairy","Got Milk","WFE","29.0","http://www.bambootrading.com/1700-1/1700-17.JPG","NA"
"Longoria, Eva","Actress","PepsiCo","Salty","Lay's Potato Chips","LFE","40.0","http://www.hollyscoop.com/kim-kardashian/celebrity-endorsements-make-you-say-whaaaattt.html","NA"
"Longoria, Eva","Actress","PepsiCo","LCB","Pepsi Next","LFE","40.0","https://www.youtube.com/watch?v=5iz5fl5P_bs","NA"
"Lopez, Jennifer","Actress","PepsiCo","SSB","Pepsi","LFE","45.0","https://images.search.yahoo.com/images/view;_ylt=AwrB8pZ2KYxVLjoAJiQunIlQ;_ylu=X3oDMTIyNXNiNWQ4BHNlYwNzcgRzbGsDaW1nBG9pZAM1MGQ2NWQzNzQ1Mzc0YjNmNzNkM2FkOGRjZGZmNzJhYQRncG9zAzUEaXQDYmluZw--?.origin=&back=https%3A%2F%2Fimages.search.yahoo.com%2Fyhs%2Fsearch%3Fp%3Djennifer%2Blopez%2Bpepsi%26fr%3Dyhs-mozilla-002%26fr2%3Dpiv-web%26hsimp%3Dyhs-002%26hspart%3Dmozilla%26tab%3Dorganic%26ri%3D5&w=1024&h=768&imgurl=images4.fanpop.com%2Fimage%2Fphotos%2F21400000%2Fpepsi-jennifer-lopez-21425444-1024-768.jpg&rurl=http%3A%2F%2Fwww.fanpop.com%2Fclubs%2Fjennifer-lopez%2Fimages%2F21425444%2Ftitle%2Fpepsi-photo&size=729.8KB&name=%3Cb%3EJennifer+Lopez+pepsi%3C%2Fb%3E&p=jennifer+lopez+pepsi&oid=50d65d3745374b3f73d3ad8dcdff72aa&fr2=piv-web&fr=yhs-mozilla-002&tt=%3Cb%3EJennifer+Lopez+pepsi%3C%2Fb%3E&b=0&ni=21&no=5&ts=&tab=organic&sigr=12c6tg64r&sigb=14ee86bb3&sigi=12jn87ikr&sigt=10rosqqmu&sign=10rosqqmu&.crumb=0M2.3jhAHLm&fr=yhs-mozilla-002&fr2=piv-web&hsimp=yhs-002&hspart=mozilla","NA"
"Lovato, Demi","Musician","Milk PEP","Dairy","Got Milk","LFE","22.0","http://www.justjaredjr.com/photo-gallery/348739/demi-lovato-got-milk-02/","NA"
"Lunden, Joan","TV personality","Milk PEP","Dairy","Got Milk","WFE","65.0","http://www.joanlunden.com/system/content_items/images/000/000/112/large/Joan_Lunden_Milk_Ad.jpg?1406062491","NA"
"Lynch, Riker ""R5""","Musician","PHA","Fruit and Vegetables","FNV","WME","23.0","https://twitter.com/officialR5/status/620759291717402625","NA"
"Lynch, Rocky ""R5""","Musician","PHA","Fruit and Vegetables","FNV","WME","20.0","https://twitter.com/officialR5/status/620759291717402625","NA"
"Lynch, Ross ""R5""","Musician","PHA","Fruit and Vegetables","FNV","WME","19.0","https://twitter.com/officialR5/status/620759291717402625","NA"
"Lynch, Rydel ""R5""","Musician","PHA","Fruit and Vegetables","FNV","WFE","22.0","https://twitter.com/officialR5/status/620759291717402625","NA"
"Lynn, Lonnie Rashid, Jr ""Common""","Musician","TCCC","SSB","Coca-Cola","BME","44.0","https://www.youtube.com/watch?v=V9Adpt2NZy0","NA"
"MacDowell, Andie","Actress","Milk PEP","Dairy","Got Milk","WFE","57.0","https://s-media-cache-ak0.pinimg.com/736x/88/68/f9/8868f95fb6fc7d7d2af74bea6e0a614c.jpg","NA"
"Macpherson, Elle","Actress","Milk PEP","Dairy","Got Milk","WFE","51.0","http://file.vintageadbrowser.com/ex6c6884yrj9ak.jpg","NA"
"Macy, William H.","Actor","Milk PEP","Dairy","Got Milk","WME","65.0","http://assets.nydailynews.com/polopoly_fs/1.146176!/img/httpImage/image.jpg_gen/derivatives/article_970/alg-milk-shoot3-jpg.jpg","NA"
"Madden, Michael Allen ""Maroon 5""","Musician","TCCC","SSB","Coca-Cola","WME","37.0","http://www.huffingtonpost.com/entry/celebrities-endorse-unhealthy-foods_us_57559f8ce4b0ed593f14f7b10","NA"
"Madden, Michael Allen ""Maroon 5""","Musician","Dr Pepper Snapple Group","SSB","Snapple","WME","37.0","http://www.huffingtonpost.com/entry/celebrities-endorse-unhealthy-foods_us_57559f8ce4b0ed593f14f7b11","NA"
"Maguire, Martie","Musician","Milk PEP","Dairy ","Got Milk","WFE","46.0","http://www.bambootrading.com/2100/2176.JPG","NA"
"Mahoney, John","Actor","Milk PEP","Dairy ","Got Milk","WME","75.0","http://file.vintageadbrowser.com/efs0dnnb5bzy5w.jpg","NA"
"Maines, Natalie","Musician","Milk PEP","Dairy","Got Milk","WFE","41.0","http://www.bambootrading.com/2100/2176.JPG","NA"
"Malik, Zain Javadd ""One Dierction""","Musician","Mondelez","Sweet","Nabisco","WME","23.0","http://www.huffingtonpost.com/entry/celebrities-endorse-unhealthy-foods_us_57559f8ce4b0ed593f14f7b40","NA"
"Malik, Zain Javadd ""One Dierction""","Musician","PepsiCo","SSB","Pepsi","WME","23.0","http://www.huffingtonpost.com/entry/celebrities-endorse-unhealthy-foods_us_57559f8ce4b0ed593f14f7b41","NA"
"Manson, Marilyn","Musician","Milk PEP","Dairy","Got Milk","WME","46.0","http://40.media.tumblr.com/tumblr_l87k5b80MU1qcbo2to1_500.jpg","NA"
"Manson, Marilyn","Musician","Absinthe Maninthe","Alcohol ","Absinthe Maninthe","WME","46.0","http://hiphopwired.com/2014/10/30/drankin-21-celebrity-alcohol-endorsements-photos/15/","NA"
"Mathers, Marshall Bruce, III ""Eminem""","Musician","Unilever","SSB","Brisk (Lipton)","WME","43.0","https://www.youtube.com/watch?v=kFh16njSCJ4","NA"
"Matthews, Dave ","Musician","Dreaming Tree Wines","Alcohol ","Dreaming Tree Wines","WME","49.0","http://hiphopwired.com/2014/10/30/drankin-21-celebrity-alcohol-endorsements-photos/18/","NA"
"McBride, Martina","Musician","Sunny Delight Beverage Company","SSB","Sunny D","WFE","48.0","http://www.celebrityendorsementads.com/celebrity-endorsements/celebrities/martina-mcbride/","NA"
"McCormick, Malcolm James ""Mac Miller""","Musician","PepsiCo","SSB","Mountain Dew","WME","24.0","http://www.clipcartel.com/Lil-Wayne-Mac-Miller-Mountain-Dew-Commercial-video.2231.html","NA"
"McCullough, Bernard Jeffrey ""Bernie Mac""","Actor","Milk PEP","Dairy","Got Milk","BME","50.0","http://www.bambootrading.com/1700-1/1700-21.JPG","NA"
"McGraw, Phil, Dr.","TV personality","Milk PEP","Dairy","Got Milk","WME","65.0","http://file.vintageadbrowser.com/bc6t3zzqv5jo6g.jpg","NA"
"McLean, A.J.","Musician","Milk PEP","Dairy","Got Milk","WME","37.0","http://images.lifeandstylemag.com/uploads/photos/file/45375/backstreet-boys-got-milk-ad.jpg","NA"
"Menounos, Maria","Actress","Dunkin Brands","QSR","Dark Roast Coffee","LFE","37.0","http://www.zimbio.com/photos/Maria+Menounos/Dunkin+Donuts+Dark+Roast+Ceremonial+First/k9o57uyVQO7","NA"
"Milian, Christina","Musician","Chicken and Rice Company","QSR","Chicken & Rice","BFE","33.0","http://www.youngmoney.com/post/8707/christina-milian-announces-partnership-with-chicken-and-rice#.VYwxCOcsyTU","NA"
"Minaj, Nicki","Musician","PepsiCo","SSB","Pepsi","MFE","32.0","https://www.youtube.com/watch?v=IEIMCBztA9Y","NA"
"Minogue, Kylie ","Actress","TCCC","Water","Smartwater","WFE","47.0","http://www.gettyimages.com/detail/news-photo/general-view-of-the-atmosphere-at-the-uk-launch-of-glaceau-news-photo/454283662","NA"
"Moore, Mandy","Musician","Milk PEP","Dairy","Got Milk","WFE","31.0","https://s-media-cache-ak0.pinimg.com/736x/26/8f/21/268f21ea1680cd6b1905c8bc301844b3.jpg","NA"
"Morton, PJ ""Maroon 5""","Musician","TCCC","SSB","Coca-Cola","BME","35.0","http://www.huffingtonpost.com/entry/celebrities-endorse-unhealthy-foods_us_57559f8ce4b0ed593f14f7b18","NA"
"Morton, PJ ""Maroon 5""","Musician","Dr Pepper Snapple Group","SSB","Snapple","BME","35.0","http://www.huffingtonpost.com/entry/celebrities-endorse-unhealthy-foods_us_57559f8ce4b0ed593f14f7b19","NA"
"Moss, Kate","Model","Milk PEP","Dairy","Got Milk","WFE","41.0","http://superettepopup.com/wp-content/uploads/2012/08/kate-moss-got-milk1-469x640.jpg","NA"
"Mowry, Tia","Actress","PHA","Fruit and Vegetables","FNV","BFE","37.0","http://www.fnv.com/dist/images/team/team-mowry.jpg","NA"
"Muniz, Frankie","Actor","Milk PEP","Dairy","Got Milk","WME","29.0","http://i.huffpost.com/gen/1641000/thumbs/o-GOT-MILK-570.jpg","NA"
"Muniz, Marco Antonio ""Marc Anthony""","Musician","Milk PEP","Dairy","Got Milk","LME","47.0","http://www.bambootrading.com/1700-1/1700-25.JPG","NA"
"Myers, Mike","Actor","Milk PEP","Dairy","Got Milk","WME","52.0","http://media4.popsugar-assets.com/files/2014/02/24/997/n/1922398/d57da382305d757f_01290910.jpg.xxxlarge/i/Mike-Myers-suited-up-his-Austin-Powers-gear-yeah-baby.jpg","NA"
"Navedo, Andrea","Actress","PHA","Fruit and Vegetables ","FNV","LFE","37.0","https://www.youtube.com/watch?v=nthG3pm0dAo","NA"
"Nelson , Willlie ","Musician","Willlie Nelson ","Alcohol","Whiskey River Bourbon","WME","82.0","http://www.alcoholjustice.org/watchdogging-2/in-the-doghouse/850-hot-in-hollywood-celebs-shilling-for-and-owning-alcohol-brands?highlight=WyJjZWxlYnJpdHkiLCJjZWxlYnJhdGUiLCJjZWxlYnJhdGVkIiwiY2VsZWJyYXRpb25zIiwiY2VsZWJyaXRpZXMiLCJjZWxlYnJhdGluZyIsImNlbGVicmF0aW9uIiwiY2VsZWJyYXRlcyJd","NA"
"O'brien, Conan","TV personality","Milk PEP","Dairy","Got Milk","WME","53.0","http://ecx.images-amazon.com/images/I/51QaojxBy0L._SX342_.jpg","NA"
"Olsen, Ashley","Actress","Milk PEP","Dairy","Got Milk","WFE","29.0","http://assets.nydailynews.com/polopoly_fs/1.1701062!/img/httpImage/image.jpg_gen/derivatives/article_970/olsen-twins-ad.jpg","NA"
"Olsen, Mary Kate","Actress","Milk PEP","Dairy","Got Milk","WFE","29.0","http://assets.nydailynews.com/polopoly_fs/1.1701062!/img/httpImage/image.jpg_gen/derivatives/article_970/olsen-twins-ad.jpg","NA"
"Panettiere, Hayden","Actress","Milk PEP","Dairy","Got Milk","WFE","26.0","http://www.eonline.com/eol_images/Entire_Site/2014125/rs_634x851-140225145831-634-Hayden-panettiere-got-milk.ls.22514.jpg","NA"
"Patton, Paula ","Actress","PepsiCo","LCB","Pepsi Next","MFE","40.0","http://www.huffingtonpost.com/2012/04/10/paula-patton-new-pepsi-next-spokeswoman_n_1415146.html","NA"
"Payne, Liam James ""One Direction""","Musician","Mondelez","Sweet","Nabisco","WME","22.0","http://www.huffingtonpost.com/entry/celebrities-endorse-unhealthy-foods_us_57559f8ce4b0ed593f14f7b34","NA"
"Payne, Liam James ""One Direction""","Musician","PepsiCo","SSB","Pepsi","WME","22.0","http://www.huffingtonpost.com/entry/celebrities-endorse-unhealthy-foods_us_57559f8ce4b0ed593f14f7b35","NA"
"Perlman, Rhea","Actress","Milk PEP","Dairy","Got Milk","WFE","67.0","http://file.vintageadbrowser.com/ijuvoyedfr0hl7.jpg","NA"
"Perry, Katy","Musician","Popchips, Inc.","Salty","Popchips","WFE","30.0","http://www.shoppingblog.com/katy-perry-is-the-face-of-popchips-830201210","NA"
"Perry, Katy","Musician","PepsiCo","SSB","Pepsi","WFE","30.0","http://www.newyorkgossipgal.com/2012/05/pepsi","NA"
"Philipps, Elizabeth Jean ""Busy Philipps"" ","Actress","Bacardi Limited","Alcohol","Bacardi","WFE","36.0","http://hiphopwired.com/2014/10/30/drankin-21-celebrity-alcohol-endorsements-photos/19/","NA"
"Phillips, Peter ""Pete Rock""","Musician","TCCC","SSB","Sprite","BME","45.0","https://www.youtube.com/watch?v=FX1ZANtn0r0","NA"
"Pierce, David Hyde","Actor ","Milk PEP","Dairy ","Got Milk","WME","56.0","http://file.vintageadbrowser.com/efs0dnnb5bzy5w.jpg","NA"
"Pitt, Brad ","Actor ","Chateau Miraval","Alcohol","Miraval Rose","BME","52.0","http://fortune.com/2015/01/08/celebrities-alcohol-brands/","NA"
"Pontius, Chris ","Actor","PHA","Fruit and Vegetables","FNV","WME","41.0","","NA"
"Preston, Kelly","Actress","Milk PEP","Dairy","Got Milk","WFE","52.0","http://coolspotters.com/files/photos/342795/kelly-preston-and-got-milk-gallery.jpg","NA"
"Prince, Freddie, Jr.","Actor","Milk PEP","Dairy","Got Milk","WME","39.0","http://media3.popsugar-assets.com/files/2014/02/24/995/n/1922398/57782bda4c3760dc_3202589993_db0574b76c_o.jpg.xxxlarge/i/Freddie-Prinze-Jr-gave-sweet-smirk-his-Got-Milk.jpg","NA"
"Ramirez, Sara","Actress","Milk PEP","Dairy","Got Milk","LFE","40.0","http://cdn01.cdn.justjared.com/wp-content/uploads/2007/06/ramirez-got-milk/sara-ramirez-got-milk-01.jpg","NA"
"Ratliff, Ellington ""R5""","Musician","PHA","Fruit and Vegetables ","FNV","WME","22.0","https://twitter.com/officialR5/status/620759291717402625","NA"
"Raymond, Usher","Musician","Milk PEP","Dairy","Got Milk","BME","36.0","http://notanotherflyer.com/wp-content/uploads/2014/03/usher-got-milk.jpg","NA"
"Raymond, Usher","Musician","General Mills, Inc.","Cereal","Honey Nut Cheerios","BME","36.0","http://www.xtinedanielle.com/cheerios-usher-exclusive-song/","NA"
"Raymond, Usher","Musician","Mars, Inc.","Candy","Twix","BME","36.0","https://www.pinterest.com/pin/306174474638779490/","NA"
"Richardson, Kevin","Musician","Milk PEP","Dairy","Got Milk","WME","44.0","http://images.lifeandstylemag.com/uploads/photos/file/45375/backstreet-boys-got-milk-ad.jpg","NA"
"Rimes, LeeAnn","Musician","Milk PEP","Dairy","Got Milk","WFE","33.0","http://file.vintageadbrowser.com/91u22bc6y5r07l.jpg","NA"
"Ripoll, Shakira Isabel Mebarak","Musician","PepsiCo","SSB","Pepsi","LFE","38.0","https://images.search.yahoo.com/images/view;_ylt=AwrB8p6RKIxVH0cAp6kunIlQ;_ylu=X3oDMTIyOHFodWo5BHNlYwNzcgRzbGsDaW1nBG9pZAM2OWRkYWRlYmRlZDRhN2RiZjkzNTVjNDQ0MzM2MTA1NwRncG9zAzIEaXQDYmluZw--?.origin=&back=https%3A%2F%2Fimages.search.yahoo.com%2Fyhs%2Fsearch%3Fp%3Dshakira%2Bpepsi%26fr%3Dyhs-mozilla-002%26fr2%3Dpiv-web%26hsimp%3Dyhs-002%26hspart%3Dmozilla%26tab%3Dorganic%26ri%3D2&w=300&h=300&imgurl=upload.wikimedia.org%2Fwikipedia%2Fuk%2Fb%2Fbe%2FShakira_pepsi_e.p.jpg&rurl=http%3A%2F%2Fuk.wikipedia.org%2Fwiki%2F%25D0%25A4%25D0%25B0%25D0%25B9%25D0%25BB%3AShakira_pepsi_e.p.jpg&size=29.8KB&name=%D0%A4%D0%B0%D0%B9%D0%BB%3A%3Cb%3EShakira+pepsi%3C%2Fb%3E+e.p.jpg&p=shakira+pepsi&oid=69ddadebded4a7dbf9355c4443361057&fr2=piv-web&fr=yhs-mozilla-002&tt=%D0%A4%D0%B0%D0%B9%D0%BB%3A%3Cb%3EShakira+pepsi%3C%2Fb%3E+e.p.jpg&b=0&ni=21&no=2&ts=&tab=organic&sigr=12b4brt6s&sigb=1473b5pe2&sigi=11s49oqk8&sigt=115u903m9&sign=115u903m9&.crumb=0M2.3jhAHLm&fr=yhs-mozilla-002&fr2=piv-web&hsimp=yhs-002&hspart=mozilla","NA"
"Ripoll, Shakira Isabel Mebarak","Musician","The Dannon Company","Dairy","Activia Yogurt","LFE","38.0","https://www.youtube.com/watch?v=etjhtRPN__0","NA"
"Ritter, Tyson","Musician","Milk PEP","Dairy ","Got Milk","WME","31.0","https://s-media-cache-ak0.pinimg.com/236x/1c/a6/03/1ca603fd8fb7f390f5e4024005dc1a05.jpg","NA"
"Robison, Emily","Musician","Milk PEP","Dairy","Got Milk","WFE","43.0","http://www.bambootrading.com/2100/2176.JPG","NA"
"Rodrigues, Harry Bauer ""Baauer""","Musician","A&W Restaurants","QSR","A&W Restaurants","WME","27.0","http://www.huffingtonpost.com/entry/celebrities-endorse-unhealthy-foods_us_57559f8ce4b0ed593f14f7b2","NA"
"Rodrigues, Harry Bauer ""Baauer""","Musician","Dr Pepper Snapple Group","SSB","Dr Pepper","WME","27.0","http://www.huffingtonpost.com/entry/celebrities-endorse-unhealthy-foods_us_57559f8ce4b0ed593f14f7b3","NA"
"Rodrigues, Harry Bauer ""Baauer""","Musician","Nestle","Others","Hot Pockets","WME","27.0","http://www.huffingtonpost.com/entry/celebrities-endorse-unhealthy-foods_us_57559f8ce4b0ed593f14f7b4","NA"
"Rodrigues, Harry Bauer ""Baauer""","Musician","Red Bull GmbH","SSB","Red Bull","WME","27.0","http://www.huffingtonpost.com/entry/celebrities-endorse-unhealthy-foods_us_57559f8ce4b0ed593f14f7b5","NA"
"Rodrigues, Harry Bauer ""Baauer""","Musician","PepsiCo","SSB","Pepsi","WME","27.0","http://www.huffingtonpost.com/entry/celebrities-endorse-unhealthy-foods_us_57559f8ce4b0ed593f14f7b6","NA"
"Romano, Ray","Actor ","Milk PEP","Dairy","Got Milk","WME","57.0","http://www.bambootrading.com/milk/1732.JPG","NA"
"Romijn, Rebecca","Model","Milk PEP","Dairy","Got Milk","WFE","42.0","http://acimg.auctivacommerce.com/imgdata/0/2/4/6/4/0/webimg/4155850.jpg","NA"
"Ross, Marion","Actress","Milk PEP","Dairy","Got Milk","WFE","86.0","https://www.google.com/search?q=florence+henderson+got+milk&client=safari&rls=en&tbm=isch&tbo=u&source=univ&sa=X&ved=0CB0QsARqFQoTCISXg5iS3sgCFYHZPgod8pwFbQ&biw=1277&bih=633#imgrc=blHPCXYYur9s_M%3A","NA"
"Rossellini, Isabella","Actress","Milk PEP","Dairy","Got Milk","WFE","63.0","http://file.vintageadbrowser.com/83b5c55xc2aj2s.jpg","NA"
"Rowland, Kelly","Musician","McDonald's Corporation","QSR","McDonald's","BFE","34.0","https://images.search.yahoo.com/images/view;_ylt=AwrB8o68KYxVHWQALXMunIlQ;_ylu=X3oDMTIzc2cyb3BsBHNlYwNzcgRzbGsDaW1nBG9pZANkYzI3ZDBhMGZmMWFhMThmZTljNGUwNjgzZjMxNTAyNgRncG9zAzY2BGl0A2Jpbmc-?.origin=&back=https%3A%2F%2Fimages.search.yahoo.com%2Fyhs%2Fsearch%3Fp%3Djustin%2Btimberlake%2Bmcdonald%2527s%26fr%3Dyhs-mozilla-002%26fr2%3Dpiv-web%26hsimp%3Dyhs-002%26hspart%3Dmozilla%26nost%3D1%26tab%3Dorganic%26ri%3D66&w=1200&h=630&imgurl=media.meltyfood.fr%2Farticle-1580552-fb-f1372259114%2Fdestiny-s-child-mcdonald-s-pub.jpg&rurl=http%3A%2F%2Fwww.meltyfood.fr%2Fjustin-timberlake-beyonce-michael-jordan-ces-stars-qui-ont-fait-de-la-pub-pour-mcdonald-s-a189819.html&size=114.0KB&name=destiny-s-child-%3Cb%3Emcdonald-s%3C%2Fb%3E-pub.jpg&p=justin+timberlake+mcdonald%27s&oid=dc27d0a0ff1aa18fe9c4e0683f315026&fr2=piv-web&fr=yhs-mozilla-002&tt=destiny-s-child-%3Cb%3Emcdonald-s%3C%2Fb%3E-pub.jpg&b=61&ni=21&no=66&ts=&tab=organic&sigr=13uqbo0av&sigb=150sqr1q8&sigi=12kbrdfi9&sigt=119u7vogr&sign=119u7vogr&.crumb=0M2.3jhAHLm&fr=yhs-mozilla-002&fr2=piv-web&hsimp=yhs-002&hspart=mozilla","NA"
"Rublin, Dave ""American Authors""","Musician","Unilever","SSB","Lipton Iced Tea","WFE","29.0","https://www.ispot.tv/ad/7aT2/lipton-sparkling-iced-tea-tiny-bubbles-song-by-american-authors","NA"
"Rucker, Darius","Musician","Restaurant Brands International Inc.","QSR","Burger King","BME","49.0","https://images.search.yahoo.com/images/view;_ylt=AwrB8pjmOYxVKEAAZd4unIlQ;_ylu=X3oDMTIyZjAxY2EzBHNlYwNzcgRzbGsDaW1nBG9pZANkNTU1ZDg3NmVhNDA1M2VkNzgwZTllMWEyOGQ3ZDBlMQRncG9zAzMEaXQDYmluZw--?.origin=&back=https%3A%2F%2Fimages.search.yahoo.com%2Fyhs%2Fsearch%3Fp%3Ddarius%2Brucker%2Band%2Bburger%2Bking%26fr%3Dyhs-mozilla-002%26fr2%3Dpiv-web%26hsimp%3Dyhs-002%26hspart%3Dmozilla%26tab%3Dorganic%26ri%3D3&w=330&h=193&imgurl=www.wnd.com%2Fimages2%2FhootieBK.jpg&rurl=http%3A%2F%2Fwww.wnd.com%2F2005%2F07%2F31516%2F&size=91.8KB&name=%3Cb%3Edarius%3C%2Fb%3E+%3Cb%3Erucker%3C%2Fb%3E+aka+hootie+of+hootie+and+the+blowfish+sings+%3Cb%3Eburger%3C%2Fb%3E+%3Cb%3Eking%3C%2Fb%3E+...&p=darius+rucker+and+burger+king&oid=d555d876ea4053ed780e9e1a28d7d0e1&fr2=piv-web&fr=yhs-mozilla-002&tt=%3Cb%3Edarius%3C%2Fb%3E+%3Cb%3Erucker%3C%2Fb%3E+aka+hootie+of+hootie+and+the+blowfish+sings+%3Cb%3Eburger%3C%2Fb%3E+%3Cb%3Eking%3C%2Fb%3E+...&b=0&ni=21&no=3&ts=&tab=organic&sigr=111s06et3&sigb=14naadlqm&sigi=1109dole9&sigt=135491u55&sign=135491u55&.crumb=0M2.3jhAHLm&fr=yhs-mozilla-002&fr2=piv-web&hsimp=yhs-002&hspart=mozilla","NA"
"Sabara, Daryl","Actor","Milk PEP","Dairy","Got Milk","WME","23.0","http://www.bambootrading.com/1700-1/1700-40.JPG","NA"
"Sanchez, Matt ""American Authors""","Musician","Unilever","SSB","Lipton Iced Tea","WME","30.0","https://www.ispot.tv/ad/7aT2/lipton-sparkling-iced-tea-tiny-bubbles-song-by-american-authors","NA"
"Saralegui, Cristina ","TV personality","Nestle","Water","Nestle Pure Life","WFE","68.0","http://hispanicprwire.com/en/nestle-r-pure-life-r-better-habits-for-a-better-life-campaign-encourages-latinos-to-live-a-healthy-lifestyle-one-sip-at-a-time/","NA"
"Saralegui, Cristina ","TV personality","PHA","Water","Drink UP Campaign","WFE","68.0","https://www.youtube.com/watch?v=aO_nAHiGYRQ","NA"
"Scott, Hillary ""Lady Antebellum""","Musician","Unilever","SSB","Lipton Iced Tea","WFE","30.0","https://www.youtube.com/watch?v=39cPFjM-hi4","NA"
"Seacrest, Ryan","TV Personality","TCCC","SSB","Coca-Cola","WME","40.0","http://www.coca-colacompany.com/coca-cola-unbottled/ryan-seacrest-foundation-flashback-with-coca-cola","NA"
"Sereba, Nico ""Nico & Vinz""","Musician","Nestle","SSB","Nestea","BFE","24.0","https://www.youtube.com/watch?v=g-c64vrQdg8","NA"
"Shaffer, Paul","Musician","Milk PEP","Dairy","Got Milk","WME","65.0","http://file.vintageadbrowser.com/xv6pbghuufrlql.jpg","NA"
"Shelley, James Adam ""American Authors""","Musician","Unilever","SSB","Lipton Iced Tea","WME","33.0","https://www.ispot.tv/ad/7aT2/lipton-sparkling-iced-tea-tiny-bubbles-song-by-american-authors","NA"
"Shelton, Blake ","Musician","PepsiCo","SSB","Pepsi","WME","39.0","http://www.huffingtonpost.com/entry/celebrities-endorse-unhealthy-foods_us_57559f8ce4b0ed593f14f7b28","NA"
"Shelton, Blake ","Musician","Yum! Brands","QSR","Pizza Hut","WME","39.0","http://www.huffingtonpost.com/entry/celebrities-endorse-unhealthy-foods_us_57559f8ce4b0ed593f14f7b29","NA"
"Shields, Brooke","Actress","Milk PEP","Dairy","Got Milk","WFE","50.0","http://assets.nydailynews.com/polopoly_fs/1.1701082!/img/httpImage/image.jpg_gen/derivatives/gallery_1200/brooke-shields-2008.jpg","NA"
"Simmons, Gene","Musician","Milk PEP","Dairy","Got Milk","WME","66.0","http://www.kissdominion.com/gotmilk.jpg","NA"
"Simmons, Gene","Musician","Dr Pepper Snapple Group","SSB","Dr Pepper","WME","66.0","https://www.youtube.com/watch?v=yv6qRO7uwnY","NA"
"Simpson, Ashlee","Musician","The Hershey Company","Candy","Reese's","WFE","30.0","http://media.onsugar.com/files/2010/01/04/3/192/1922398/7ad704db2e9c939f_ashlee-simpson.jpg","NA"
"Smith, Shaffer Chimere ""Ne Yo"" ","Musician","PepsiCo","SSB","Pepsi","BME","35.0","https://images.search.yahoo.com/images/view;_ylt=AwrB8pNXOIxV33YAfo0unIlQ;_ylu=X3oDMTIzOTluNXBlBHNlYwNzcgRzbGsDaW1nBG9pZANhYTM3ZTZkNmY2ODc3ZDM0MTNiY2YzNGIzOTY4ZTZhYQRncG9zAzMxBGl0A2Jpbmc-?.origin=&back=https%3A%2F%2Fimages.search.yahoo.com%2Fyhs%2Fsearch%3Fp%3Dne-yo%2Bpepsi%26fr%3Dyhs-mozilla-002%26fr2%3Dpiv-web%26hsimp%3Dyhs-002%26hspart%3Dmozilla%26tab%3Dorganic%26ri%3D31&w=630&h=316&imgurl=cbsb96radio.files.wordpress.com%2F2013%2F04%2Fft_neyo.jpg&rurl=http%3A%2F%2Fb96.cbslocal.com%2F2013%2F04%2F25%2Ffinal-b96-pepsi-summer-bash-artist-lineup-revealed-ne-yo-avril-lavigne-and-timeflies-added%2F&size=41.8KB&name=ft+%3Cb%3Eneyo%3C%2Fb%3E+Final+B96+%3Cb%3EPepsi%3C%2Fb%3E+Summer+Bash+Artist+Lineup+Revealed%3A+%3Cb%3ENe+Yo%3C%2Fb%3E+...&p=ne-yo+pepsi&oid=aa37e6d6f6877d3413bcf34b3968e6aa&fr2=piv-web&fr=yhs-mozilla-002&tt=ft+%3Cb%3Eneyo%3C%2Fb%3E+Final+B96+%3Cb%3EPepsi%3C%2Fb%3E+Summer+Bash+Artist+Lineup+Revealed%3A+%3Cb%3ENe+Yo%3C%2Fb%3E+...&b=0&ni=21&no=31&ts=&tab=organic&sigr=13ug12bq4&sigb=146s2h2jh&sigi=11jfa56d8&sigt=12qin0ji7&sign=12qin0ji7&.crumb=0M2.3jhAHLm&fr=yhs-mozilla-002&fr2=piv-web&hsimp=yhs-002&hspart=mozilla","NA"
"Smits, Jimmy","Actor","Milk PEP","Dairy","Got Milk","WME","60.0","https://troglopundit.files.wordpress.com/2014/02/jimmy-smits-dennis-franz-got-milk.jpg","NA"
"Sparks, Jordin","Musician","PHA","Fruit and Vegetables","FNV","BFE","25.0","http://www.theybf.com/2015/11/22/first-lady-michelle-obama-gabrielle-union-ashanti-jordin-sparks-more-celebrate-healthy","NA"
"Sparks, Jordin","Musician","Milk PEP","Dairy","Got Milk","BFE","25.0","http://www.smartgirlsknow.com/images/Jordinsparks.jpg","NA"
"Spears, Britney","Musician","Milk PEP","Dairy","Got Milk","WFE","33.0","http://www.eonline.com/eol_images/Entire_Site/2014125/rs_623x828-140225145608-634.Got-Milk-Ad-Britney-Spears.3.ms.022514.jpg","NA"
"Spears, Britney","Musician","PepsiCo","SSB","Pepsi","WFE","33.0","https://connoradvsoc.files.wordpress.com/2013/05/mousikes-diafhmiseis-part-1-1019.jpg","NA"
"Spears, Britney","Musician","McDonald's Corporation","QSR","McDonald's","WFE","33.0","http://www.huffingtonpost.com/entry/celebrities-endorse-unhealthy-foods_us_57559f8ce4b0ed593f14f7b2","NA"
"Sprouse, Cole","Actor","Milk PEP","Dairy","Got Milk","WME","23.0","http://cdn01.cdn.justjaredjr.com/wp-content/uploads/headlines/2010/12/dylan-cole-sprouse-got-milk.jpg?1","NA"
"Sprouse, Cole","Actor","The Dannon Company","Dairy ","Danimals ","WME","23.0","https://www.youtube.com/watch?v=S9UrkvAUXbk","NA"
"Sprouse, Dylan","Actor","Milk PEP","Dairy","Got Milk","WME","23.0","http://cdn01.cdn.justjaredjr.com/wp-content/uploads/headlines/2010/12/dylan-cole-sprouse-got-milk.jpg?1","NA"
"Sprouse, Dylan","Actor","The Dannon Company","Dairy","Danimals ","WME","23.0","https://www.youtube.com/watch?v=S9UrkvAUXbk","NA"
"Stanley, Paul","Musician","Milk PEP","Dairy","Got Milk","WME","63.0","http://www.kissdominion.com/gotmilk.jpg","NA"
"Stefani, Gwen","Musician","PepsiCo","SSB","Pepsi","WFE","40.0","https://www.youtube.com/watch?v=FLKEZNxAvoY","NA"
"Stewart, Martha","TV personality","Milk PEP","Dairy","Got Milk","WFE","74.0","https://jenontheedge.files.wordpress.com/2009/06/martha-stewart-got-milk.jpg","NA"
"Stringfield, Sherry","Actress","Milk PEP","Dairy","Got Milk","WFE","48.0","http://pzrservices.typepad.com/.a/6a00d83451ccbc69e20168e809effc970c-pi","NA"
"Styles, Harry Edward ""One Dierction""","Musician","Mondelez","Sweet","Nabisco","WME","22.0","http://www.huffingtonpost.com/entry/celebrities-endorse-unhealthy-foods_us_57559f8ce4b0ed593f14f7b38","NA"
"Styles, Harry Edward ""One Dierction""","Musician","PepsiCo","SSB","Pepsi","WME","22.0","http://www.huffingtonpost.com/entry/celebrities-endorse-unhealthy-foods_us_57559f8ce4b0ed593f14f7b39","NA"
"Sullivan, Erik Per","Actor","Milk PEP","Dairy","Got Milk","WME","24.0","http://www.malcolminthemiddle.co.uk/gallery/data/957/Erik_Per_Sullivan_Got_Milk_Promo_MITMVC.jpg","NA"
"Swaray, Estelle Fanta ","Musician","PHA","Fruit and Vegetables","FNV","BFE","36.0","http://www.letsmove.gov/blog/2015/11/23/first-lady-joins-team-fnv-0","NA"
"Swift, Taylor","Musician","TCCC","NCB","Diet Coke","WFE","25.0","http://41.media.tumblr.com/10bef9423f2712187c496bf97260fbaf/tumblr_nnxtif0UGP1s1lyreo4_1280.png","NA"
"Swift, Taylor","Musician","Milk PEP","Dairy","Got Milk","WFE","25.0","http://assets.nydailynews.com/polopoly_fs/1.1701074.1393348590!/img/httpImage/image.jpg_gen/derivatives/gallery_1200/taylor-swift-2008.jpg","NA"
"Teigen, Chrissy ","Model","PepsiCo","Water","Aquafina","MFE","30.0","http://live.huffingtonpost.com/r/segment/christine-teigen-aquafina-/536a7925fe3444af49000797","NA"
"Teigen, Chrissy ","Model","PHA","Water","Drink UP Campaign","MFE","30.0","http://live.huffingtonpost.com/r/segment/christine-teigen-aquafina-/536a7925fe3444af49000797","NA"
"Thiam, Akon ","Musician","PepsiCo","SSB","Pepsi","BME","43.0","https://www.bellanaija.com/2010/02/pepsi-teams-up-with-akon-keri-hilson-and-drogba-on-oh-africa/","NA"
"Thomas, Jonathon Taylor","Actor","Milk PEP","Dairy","Got Milk","WME","34.0","http://media4.popsugar-assets.com/files/2013/10/31/888/n/1922398/d6c1b69a72247497_Jonathan-Taylor-Thomas-got-milk.xxxlarge/i/Jonathan-Taylor-Thomas-flashed-his-signature-grin-his-Got-Milk.jpg","NA"
"Thomas, Rozonda Ocelean ""Chilli""","Musician","TCCC","Water","Dasani","BFE","45.0","http://ohnotheydidnt.livejournal.com/33914218.html?thread=4688276074","NA"
"Thomaz, Cameron Jibril ""Wiz Khalifa""","Musician","PepsiCo","SSB","Pepsi","AME","28.0","https://www.youtube.com/watch?v=E3t5MAFYvbQ","NA"
"Thorne, Bella","Actress","Post Foods","Cereal","Cocoa Pebbles","WFE","17.0","https://www.google.com/search?q=bella+cocoa+pebbles&biw=1223&bih=620&source=lnms&tbm=isch&sa=X&ved=0CAYQ_AUoAWoVChMI5vyJ-vfuxgIVAc6ACh1kcAwJ#imgrc=u_04Y7WwFGIjTM%3A","NA"
"Thurman, Uma ","Actress","Davide Campari-Milano ","Alcohol ","Campari","WFE","45.0","http://hiphopwired.com/2014/10/30/drankin-21-celebrity-alcohol-endorsements-photos/11/","NA"
"Timberlake, Justin","Musician","McDonald's Corporation","QSR","McDonald's","WME","34.0","http://www.smh.com.au/articles/2003/09/03/1062548903741.html","NA"
"Timberlake, Justin","Musician","Sauza Tequila Import Company","Alcohol ","Sauza 901","WME","34.0","http://hiphopwired.com/2014/10/30/drankin-21-celebrity-alcohol-endorsements-photos/13/","NA"
"Timberlake, Justin","Musician","PepsiCo","SSB","Pepsi","WME","34.0","http://hiphopwired.com/2014/10/30/drankin-21-celebrity-alcohol-endorsements-photos/13/","NA"
"Timberlake, Justin","Musician","Chili's Grill & Bar","QSR","Chili's","WME","34.0","http://hiphopwired.com/2014/10/30/drankin-21-celebrity-alcohol-endorsements-photos/13/","NA"
"Tisdale, Ashley","Actress","Milk PEP","Dairy","Got Milk","WFE","30.0","https://www.google.com/search?q=ashley+tisdale+got+milk&client=safari&rls=en&biw=1277&bih=633&tbm=isch&tbo=u&source=univ&sa=X&ved=0CBwQsARqFQoTCKOFzPCv2cgCFQYcPgod3jwE2Q#imgrc=r2wQVKmwnLiLMM%3A","NA"
"Tomlinson, Louis William ""One Direction""","Musician","Mondelez","Sweet","Nabisco","WME","24.0","http://www.huffingtonpost.com/entry/celebrities-endorse-unhealthy-foods_us_57559f8ce4b0ed593f14f7b36","NA"
"Tomlinson, Louis William ""One Direction""","Musician","PepsiCo","SSB","Pepsi","WME","24.0","http://www.huffingtonpost.com/entry/celebrities-endorse-unhealthy-foods_us_57559f8ce4b0ed593f14f7b37","NA"
"Trebek, Alex","TV personality","Milk PEP","Dairy","Got Milk","WME","75.0","http://www.bambootrading.com/2100/2181.JPG","NA"
"Trump, Ivana","Model ","Milk PEP","Dairy","Got Milk","WFE","66.0","https://www.google.com/search?q=ivana+trump+got+milk&client=safari&rls=en&tbm=isch&tbo=u&source=univ&sa=X&ved=0CB0QsARqFQoTCLbxuuWT3sgCFUlYPgod_moKyw&biw=1277&bih=633#imgrc=3IoB5vjeFO0wXM%3A","NA"
"Tyler, Steven","Musician","Milk PEP","Dairy","Got Milk","WME","67.0","https://s-media-cache-ak0.pinimg.com/736x/b9/f6/20/b9f620fe9f0fc79b8a2eb69f0998fd07.jpg","NA"
"Ullman, Tracy","Actress","Milk PEP","Dairy","Got Milk","WFE","55.0","http://ecx.images-amazon.com/images/I/51sFR6x-qVL._SX342_.jpg","NA"
"Underwood, Carrie","Musician","Milk PEP","Dairy","Got Milk","WFE","32.0","https://malthebeefgal.files.wordpress.com/2013/04/carrieunderwood_milkad_e.jpg","NA"
"Underwood, Carrie","Musician","TCCC","NCB","Vitaminwater ZERO","WFE","32.0","http://stocklandmartelblog.com/2013/12/11/jeff-lipsky-photographs-carrie-underwood-for-new-vitaminwater-campaign/","NA"
"Underwood, Carrie","Musician","The Hershey Company","Candy","Hershy bar","WFE","32.0","https://www.youtube.com/watch?v=lEVURekSTLY","NA"
"Union, Gabrielle ","Actress","PHA","Fruit and Vegetables","FNV","BFE","43.0","http://www.theybf.com/2015/11/22/first-lady-michelle-obama-gabrielle-union-ashanti-jordin-sparks-more-celebrate-healthy","NA"
"Union, Gabrielle ","Actress","Vanilla Puddin Chardonnay","Alcohol ","Vanilla Puddin Chardonnay","BFE","43.0","http://urbanfoodexperience.com/2014/05/01/welcome-to-vanilla-puddin/","NA"
"Upton, Kate","Model","CKE Restaurants","QSR","Carl's Jr","WFE","23.0","https://images.search.yahoo.com/images/view;_ylt=AwrB8pOx3JJVWW4AgM0unIlQ;_ylu=X3oDMTIzMWZqN21nBHNlYwNzcgRzbGsDaW1nBG9pZANmOTE5Y2FmNTJmNWQ5ZjUwNjU1NGJlMDQxODY2N2ViOARncG9zAzM0BGl0A2Jpbmc-?.origin=&back=https%3A%2F%2Fimages.search.yahoo.com%2Fyhs%2Fsearch%3Fp%3Dcarl%2527s%2Bjr%26fr%3Dyhs-mozilla-002%26fr2%3Dpiv-web%26hsimp%3Dyhs-002%26hspart%3Dmozilla%26tab%3Dorganic%26ri%3D34&w=630&h=945&imgurl=cdn.rsvlts.com%2Fwp-content%2Fuploads%2F2013%2F01%2FKate-Upton-carls-jr1-630x945.jpeg&rurl=http%3A%2F%2Fwww.rsvlts.com%2F2013%2F01%2F15%2Fthe-9-hottest-carls-jr-commercial-girls-of-all-time%2F&size=122.2KB&name=Kate+Upton+for+%3Cb%3ECarl%26%2339%3Bs+Jr%3C%2Fb%3E+0821+by+DoriaAnselmo%C3%82%C2%A92012&p=carl%27s+jr&oid=f919caf52f5d9f506554be0418667eb8&fr2=piv-web&fr=yhs-mozilla-002&tt=Kate+Upton+for+%3Cb%3ECarl%26%2339%3Bs+Jr%3C%2Fb%3E+0821+by+DoriaAnselmo%C3%82%C2%A92012&b=0&ni=21&no=34&ts=&tab=organic&sigr=12lepiaol&sigb=146k3rkih&sigi=12br2gspu&sigt=120fqrorl&sign=120fqrorl&.crumb=0M2.3jhAHLm&fr=yhs-mozilla-002&fr2=piv-web&hsimp=yhs-002&hspart=mozilla","NA"
"Valentine, James Burgon ""Maroon 5""","Musician","TCCC","SSB","Coca-Cola","WME","37.0","http://www.huffingtonpost.com/entry/celebrities-endorse-unhealthy-foods_us_57559f8ce4b0ed593f14f7b14","NA"
"Valentine, James Burgon ""Maroon 5""","Musician","Dr Pepper Snapple Group","SSB","Snapple","WME","37.0","http://www.huffingtonpost.com/entry/celebrities-endorse-unhealthy-foods_us_57559f8ce4b0ed593f14f7b15","NA"
"Vega, Alexa","Actress","Milk PEP","Dairy","Got Milk","LFE","27.0","http://www.bambootrading.com/1700-1/1700-40.JPG","NA"
"Vergara, Sofia","Actress","Milk PEP","Dairy","Got Milk","LFE","43.0","http://static.celebuzz.com/uploads/2014/02/24/sofia-vergara-got-milk-ad.jpg","NA"
"Vergara, Sofia","Actress","PepsiCo","NCB","Diet Pepsi","LFE","43.0","http://payload15.cargocollective.com/1/4/140328/2603462/PEPS_X1699_E3757_A_EG2GIOOD.jpg","NA"
"Vergara, Sofia","Actress","Restaurant Brands International Inc.","QSR","Burger King","LFE","43.0","http://brandchannel.com/wp-content/uploads/2012/04/bk_sofia_vergara_400.jpg","NA"
"Viera, Meredith","TV personality","Milk PEP","Dairy","Got Milk","WFE","61.0","http://file.vintageadbrowser.com/grgvpj440tsslo.jpg","NA"
"Vincent Dery ""Nico & Vinz""","Musician","Nestle","SSB","Nestea","BFE","26.0","https://www.youtube.com/watch?v=g-c64vrQdg9","NA"
"Ward, Megan ","Actress","Nestle","Water","Nestle Pure Life","WFE","46.0","https://www.youtube.com/watch?v=RSWIxdenoto","NA"
"Wayne, Lil","Musician","PepsiCo","SSB","Mountain Dew","BME","32.0","https://images.search.yahoo.com/images/view;_ylt=AwrB8o._KoxVOSQAGvcunIlQ;_ylu=X3oDMTIzNDJnYnRxBHNlYwNzcgRzbGsDaW1nBG9pZANjZGI4ZTE4YzUyYTkyNWE0OGRiYTA1MjE2YWYyYTczMgRncG9zAzEzBGl0A2Jpbmc-?.origin=&back=https%3A%2F%2Fimages.search.yahoo.com%2Fyhs%2Fsearch%3Fp%3Dlil%2Bwayne%2Bmountain%2Bdew%26fr%3Dyhs-mozilla-002%26fr2%3Dpiv-web%26hsimp%3Dyhs-002%26hspart%3Dmozilla%26tab%3Dorganic%26ri%3D13&w=500&h=276&imgurl=skeudsleblog.20minutes-blogs.fr%2Ffiles%2FOctobre2012%2Flil_wayne-mountain_dew-skeuds.jpg&rurl=http%3A%2F%2Fskeudsleblog.20minutes-blogs.fr%2Farchives%2Fcategory%2Fpub%2Findex-2.html&size=56.2KB&name=%3Cb%3Elil_wayne-mountain_dew%3C%2Fb%3E-skeuds.jpg&p=lil+wayne+mountain+dew&oid=cdb8e18c52a925a48dba05216af2a732&fr2=piv-web&fr=yhs-mozilla-002&tt=%3Cb%3Elil_wayne-mountain_dew%3C%2Fb%3E-skeuds.jpg&b=0&ni=21&no=13&ts=&tab=organic&sigr=129svftjf&sigb=14hbittrc&sigi=12j0sh74v&sigt=1183eit52&sign=1183eit52&.crumb=0M2.3jhAHLm&fr=yhs-mozilla-002&fr2=piv-web&hsimp=yhs-002&hspart=mozilla","NA"
"Wayne, Lil","Musician","PepsiCo","SSB","Gatorade","BME","32.0","https://www.youtube.com/watch?v=dJJUbbnX4Gs","NA"
"Webb, Katherine","Model","CKE Restaurants","QSR","Carl's Jr","WFE","26.0","http://www.therichest.com/expensive-lifestyle/15-of-the-most-mouth-watering-carls-jr-girls/7/","NA"
"Wesson, Tina","TV Personality","Milk PEP","Dairy","Got Milk","WFE","55.0","http://www.chron.com/life/slideshow/Got-Milk-campaign-posters-80682/photo-5937382.php","NA"
"West, Kanye","Musician","PepsiCo","SSB","Pepsi","BME","38.0","http://rollingout.com/photos/celebrity-photos-photos/celebrities-who-have-endorsed-pepsi-other-than-beyonce/21/","NA"
"Wheeler, Nick","Musician","Milk PEP","Dairy","Got Milk","WME","33.0","https://s-media-cache-ak0.pinimg.com/236x/1c/a6/03/1ca603fd8fb7f390f5e4024005dc1a05.jpg","NA"
"White, Betty","Actress","Mars, Inc.","Candy","Snickers","WFE","93.0","http://theinspirationroom.com/daily/2010/snickers-for-betty-white/","NA"
"White, Vanna","TV personality","Milk PEP","Dairy","Got Milk","MFE","58.0","http://file.vintageadbrowser.com/yqjzz0b84dvgkd.jpg","NA"
"Wiglesworth, Kelly ","TV Personality","Milk PEP","Dairy","Got Milk","WFE","38.0","http://www.cbsnews.com/news/see-it-buy-it/","NA"
"Williams, Billy Dee ","Actor ","Pabst Brewing Company","Alcohol ","Colt 45","BME","78.0","http://hiphopwired.com/2014/10/30/drankin-21-celebrity-alcohol-endorsements-photos/8/","NA"
"Williams, Michelle","Musician","McDonald's Corporation","QSR","McDonald's","BFE","35.0","https://images.search.yahoo.com/images/view;_ylt=AwrB8o68KYxVHWQALXMunIlQ;_ylu=X3oDMTIzc2cyb3BsBHNlYwNzcgRzbGsDaW1nBG9pZANkYzI3ZDBhMGZmMWFhMThmZTljNGUwNjgzZjMxNTAyNgRncG9zAzY2BGl0A2Jpbmc-?.origin=&back=https%3A%2F%2Fimages.search.yahoo.com%2Fyhs%2Fsearch%3Fp%3Djustin%2Btimberlake%2Bmcdonald%2527s%26fr%3Dyhs-mozilla-002%26fr2%3Dpiv-web%26hsimp%3Dyhs-002%26hspart%3Dmozilla%26nost%3D1%26tab%3Dorganic%26ri%3D66&w=1200&h=630&imgurl=media.meltyfood.fr%2Farticle-1580552-fb-f1372259114%2Fdestiny-s-child-mcdonald-s-pub.jpg&rurl=http%3A%2F%2Fwww.meltyfood.fr%2Fjustin-timberlake-beyonce-michael-jordan-ces-stars-qui-ont-fait-de-la-pub-pour-mcdonald-s-a189819.html&size=114.0KB&name=destiny-s-child-%3Cb%3Emcdonald-s%3C%2Fb%3E-pub.jpg&p=justin+timberlake+mcdonald%27s&oid=dc27d0a0ff1aa18fe9c4e0683f315026&fr2=piv-web&fr=yhs-mozilla-002&tt=destiny-s-child-%3Cb%3Emcdonald-s%3C%2Fb%3E-pub.jpg&b=61&ni=21&no=66&ts=&tab=organic&sigr=13uqbo0av&sigb=150sqr1q8&sigi=12kbrdfi9&sigt=119u7vogr&sign=119u7vogr&.crumb=0M2.3jhAHLm&fr=yhs-mozilla-002&fr2=piv-web&hsimp=yhs-002&hspart=mozilla","NA"
"Williams, Pharrell","Musician","Diageo ","Alcohol ","Smirnoff","BME","42.0","https://www.youtube.com/watch?v=pXf9CxKlLGQ","NA"
"Williams, Pharrell","Musician","Diageo ","Alcohol ","QREAM","BME","42.0","http://cdn.hiphopwired.com/wp-content/uploads/2014/10/pharrell-q-tip-qream.jpg","NA"
"Williams, Pharrell","Musician","Red Bull GmbH","SSB","Red Bull","BME","42.0","https://www.youtube.com/watch?v=RC0kYS7wv6c","NA"
"Williams, Vanessa","Actress","Milk PEP","Dairy","Got Milk","BFE","52.0","http://file.vintageadbrowser.com/yqjzz0b84dvgkd.jpg","NA"
"Winfrey, Oprah ","TV Personality","Starbucks","NCB","Oprah Chai Tea","BFE","62.0","http://abcnews.go.com/blogs/lifestyle/2014/04/inside-the-making-of-oprahs-starbucks-tea-line-her-aha-moment/","NA"
"Winter, Ariel","Actress","Milk PEP","Dairy","Got Milk","WFE","17.0","http://bryanbantry.com/cms/wp-content/uploads/image-import/-VShrbt2FuRk/TclmHiQEmjI/AAAAAAAAAoA/1gWL8Fd_bYI/s400/Timothy%2BWhite_Got%2BMilk%2BAds_Page_2.jpg","NA"
"Wyle, Noah","Actor","Milk PEP","Dairy","Got Milk","WME","44.0","http://coolspotters.com/files/photos/342757/noah-wyle-and-got-milk-gallery.jpg?1357478693","NA"
"Young, Andre Romelle ""Dr. Dre""","Musician","Dr Pepper Snapple Group","SSB","Dr Pepper","BME","50.0","http://pitchfork.com/news/35461-dr-dre-debuts-music-in-dr-pepper-ad/","NA"
"Zayne, Billy","Actor ","Milk PEP","Dairy","Got Milk","WME","49.0","http://s.ecrater.com/stores/236921/4f03a3b07c159_236921b.jpg","NA"
"Zhang, Ziyi","Actress","Milk PEP","Dairy","Got Milk","AFE","36.0","http://www.bambootrading.com/1700-1/1700-32.JPG","NA"
